tf,date,open,high,low,close,volume,vwap
5m,2026-06-08 09:15:00+05:30,399.0,426.0,368.45,394.8,115570,396.4166666666667
5m,2026-06-08 09:20:00+05:30,394.8,411.2,386.55,391.45,16055,396.414633744856
5m,2026-06-08 09:25:00+05:30,391.45,398.4,380.45,380.5,3705,396.1418267691323
5m,2026-06-08 09:30:00+05:30,380.5,383.3,361.35,362.3,3835,395.3934142923868
5m,2026-06-08 09:35:00+05:30,362.3,388.0,362.3,381.4,5200,394.7392916103858
5m,2026-06-08 09:40:00+05:30,381.4,384.45,369.0,375.4,2275,394.4529624704493
5m,2026-06-08 09:45:00+05:30,375.4,386.0,361.0,386.0,7995,393.5850707580217
5m,2026-06-08 09:50:00+05:30,386.0,393.85,368.8,368.8,3770,393.19392012036667
5m,2026-06-08 09:55:00+05:30,368.8,368.8,350.4,353.2,3380,392.4475090397751
5m,2026-06-08 10:00:00+05:30,353.2,370.8,353.0,370.6,975,392.2818889776359
5m,2026-06-08 10:05:00+05:30,370.6,378.25,356.0,358.3,1495,392.0261443081389
5m,2026-06-08 10:10:00+05:30,358.3,369.55,358.3,369.55,1105,391.85089098532507
5m,2026-06-08 10:15:00+05:30,369.55,372.55,362.1,362.1,1885,391.5548322321545
5m,2026-06-08 10:20:00+05:30,362.1,371.0,362.0,371.0,1105,391.40022522522537
5m,2026-06-08 10:25:00+05:30,371.0,375.15,366.3,367.05,1105,391.2574159314667
5m,2026-06-08 10:30:00+05:30,367.05,367.05,346.05,347.0,2990,390.60043347154175
5m,2026-06-08 10:35:00+05:30,347.0,351.45,347.0,350.85,1235,390.3100736027945
5m,2026-06-08 10:40:00+05:30,350.85,361.85,341.05,361.85,2925,389.72387437124286
5m,2026-06-08 10:45:00+05:30,361.85,366.0,351.45,351.45,1755,389.3949951409136
5m,2026-06-08 10:50:00+05:30,351.45,355.35,349.0,353.65,975,389.1953123112239
5m,2026-06-08 10:55:00+05:30,353.65,358.05,338.0,338.0,1820,388.7481162540367
5m,2026-06-08 11:00:00+05:30,340.55,349.55,340.55,348.0,1300,388.4437715235721
5m,2026-06-08 11:05:00+05:30,348.0,356.3,348.0,356.3,1300,388.1967928310341
5m,2026-06-08 11:10:00+05:30,356.3,358.0,354.0,356.9,910,388.03961046579843
5m,2026-06-08 11:15:00+05:30,356.9,366.5,355.75,364.2,5265,387.3219313255761
5m,2026-06-08 11:20:00+05:30,364.2,364.2,360.05,363.1,585,387.2455589673604
5m,2026-06-08 11:25:00+05:30,363.1,367.1,363.1,367.1,65,387.2382332878581
5m,2026-06-08 11:30:00+05:30,367.1,367.1,352.85,357.0,6500,386.30634344766935
5m,2026-06-08 11:35:00+05:30,357.0,357.0,347.5,349.05,2925,385.7926822662767
5m,2026-06-08 11:40:00+05:30,349.05,352.8,347.3,352.8,845,385.6461650485437
5m,2026-06-08 11:45:00+05:30,352.8,353.7,344.55,344.55,1690,385.3287066752246
5m,2026-06-08 11:50:00+05:30,344.55,350.7,344.55,350.7,455,385.2464937560038
5m,2026-06-08 11:55:00+05:30,350.7,350.7,345.05,345.05,715,385.11201871942137
5m,2026-06-08 12:00:00+05:30,345.05,351.6,345.05,347.25,325,385.05285122650525
5m,2026-06-08 12:05:00+05:30,347.25,354.45,345.9,351.8,585,384.95468551461244
5m,2026-06-08 12:10:00+05:30,351.8,351.8,330.25,338.3,845,384.77028366550667
5m,2026-06-08 12:15:00+05:30,338.3,339.6,335.55,339.6,910,384.565154855643
5m,2026-06-08 12:20:00+05:30,339.6,339.6,328.55,330.55,2275,384.0018276220145
5m,2026-06-08 12:25:00+05:30,330.55,334.0,330.55,333.2,195,383.95381782342565
5m,2026-06-08 12:30:00+05:30,334.4,338.35,330.1,330.1,910,383.73210928623075
5m,2026-06-08 12:35:00+05:30,330.1,331.75,328.0,328.0,455,383.61418264275403
5m,2026-06-08 12:40:00+05:30,328.0,328.0,310.5,317.65,5915,381.83804010025057
5m,2026-06-08 12:45:00+05:30,317.65,325.6,313.05,316.45,5915,380.14720433255263
5m,2026-06-08 12:50:00+05:30,316.45,317.9,298.1,314.55,9620,377.2418583988028
5m,2026-06-08 12:55:00+05:30,314.55,318.25,311.0,318.25,2080,376.69539766407115
5m,2026-06-08 13:00:00+05:30,318.25,325.25,313.15,323.9,2145,376.1868145494626
5m,2026-06-08 13:05:00+05:30,323.9,331.55,323.0,325.55,1755,375.82134846827125
5m,2026-06-08 13:10:00+05:30,325.55,330.85,325.55,330.85,455,375.732032032032
5m,2026-06-08 13:15:00+05:30,330.85,331.6,320.75,329.6,1300,375.4691193773192
5m,2026-06-08 13:20:00+05:30,329.6,336.1,327.8,334.9,650,375.35393988627135
5m,2026-06-08 13:25:00+05:30,334.9,340.15,332.8,332.8,1365,375.12718093699516
5m,2026-06-08 13:30:00+05:30,332.8,344.95,332.8,341.55,3835,374.57423358953974
5m,2026-06-08 13:35:00+05:30,341.55,350.25,341.55,350.25,1560,374.40215521025374
5m,2026-06-08 13:40:00+05:30,350.25,363.1,349.1,363.1,6175,374.01237153134633
5m,2026-06-08 13:45:00+05:30,363.1,377.45,356.05,356.05,6500,373.74110303941217
5m,2026-06-08 13:50:00+05:30,356.05,369.0,356.05,365.9,260,373.7310018351685
5m,2026-06-08 13:55:00+05:30,365.9,376.0,365.9,374.0,975,373.72440372309484
5m,2026-06-08 14:00:00+05:30,374.0,374.0,358.75,362.65,715,373.70090750870213
5m,2026-06-08 14:05:00+05:30,362.65,375.75,362.65,372.05,1105,373.6859618717504
5m,2026-06-08 14:10:00+05:30,372.05,381.75,371.6,379.4,2405,373.72134036637226
5m,2026-06-08 14:15:00+05:30,380.45,387.55,369.4,370.0,6045,373.7643639561846
5m,2026-06-08 14:20:00+05:30,370.0,381.25,370.0,381.25,650,373.77330302305177
5m,2026-06-08 14:25:00+05:30,381.25,381.65,376.95,381.65,2405,373.82868042378243
5m,2026-06-08 14:30:00+05:30,381.65,381.65,370.0,376.1,2990,373.85121617394026
5m,2026-06-08 14:35:00+05:30,376.1,380.9,373.0,377.0,15665,374.01795469686874
5m,2026-06-08 14:40:00+05:30,377.0,380.25,361.85,361.85,10010,373.81839882613986
5m,2026-06-08 14:45:00+05:30,361.85,365.35,354.0,361.15,4095,373.63618290960454
5m,2026-06-08 14:50:00+05:30,361.15,367.85,361.0,367.55,1040,373.60858319256755
5m,2026-06-08 14:55:00+05:30,367.55,369.85,345.05,361.1,455,373.58653102818187
5m,2026-06-08 15:00:00+05:30,361.1,402.05,361.1,399.9,4355,373.78288981288983
5m,2026-06-08 15:05:00+05:30,399.9,411.2,386.55,390.25,8190,374.3500202593193
5m,2026-06-08 15:10:00+05:30,390.25,395.45,387.45,390.8,3315,374.5226789653098
5m,2026-06-08 15:15:00+05:30,390.8,395.0,388.15,394.2,1170,374.5871528471528
5m,2026-06-08 15:20:00+05:30,394.2,407.4,390.55,405.5,3835,374.8966330963665
5m,2026-06-08 15:25:00+05:30,405.5,414.3,405.5,413.95,6630,375.6144115369725
5m,2026-06-09 09:15:00+05:30,345.2,345.2,322.45,322.85,23595,330.1666666666667
5m,2026-06-09 09:20:00+05:30,322.85,326.0,312.55,315.15,13065,325.7950354609929
5m,2026-06-09 09:25:00+05:30,315.15,316.4,308.55,316.4,11180,322.98795289855076
5m,2026-06-09 09:30:00+05:30,316.4,316.4,292.9,300.7,11375,319.2123673618734
5m,2026-06-09 09:35:00+05:30,300.7,317.5,299.9,314.55,8320,318.15752325954446
5m,2026-06-09 09:40:00+05:30,314.55,322.65,311.25,322.65,6565,318.2188742690059
5m,2026-06-09 09:45:00+05:30,322.65,333.55,306.85,327.65,8450,318.67586614173234
5m,2026-06-09 09:50:00+05:30,327.65,331.0,305.25,307.2,8775,318.27302491103205
5m,2026-06-09 09:55:00+05:30,307.2,328.0,307.2,325.8,18590,318.62148630001974
5m,2026-06-09 10:00:00+05:30,325.8,336.0,320.6,335.65,8970,319.5365955895754
5m,2026-06-09 10:05:00+05:30,335.65,340.05,330.0,336.05,7995,320.5340846994536
5m,2026-06-09 10:10:00+05:30,336.05,341.1,334.7,339.9,3510,321.01950814224
5m,2026-06-09 10:15:00+05:30,339.9,342.3,331.9,335.55,1495,321.19593395761467
5m,2026-06-09 10:20:00+05:30,335.55,353.85,335.55,346.45,4420,321.97702273088544
5m,2026-06-09 10:25:00+05:30,346.45,350.65,341.75,347.45,3315,322.56204220980766
5m,2026-06-09 10:30:00+05:30,347.45,355.0,346.8,348.0,1820,322.9142463235295
5m,2026-06-09 10:35:00+05:30,348.0,357.0,348.0,351.05,1235,323.16615793470015
5m,2026-06-09 10:40:00+05:30,351.05,358.0,342.95,343.85,2015,323.5157157831687
5m,2026-06-09 10:45:00+05:30,343.85,370.55,340.9,369.0,3705,324.4303693969923
5m,2026-06-09 10:50:00+05:30,370.55,371.6,353.85,353.85,6370,325.88478230435396
5m,2026-06-09 10:55:00+05:30,353.85,360.7,347.2,353.45,5460,326.83548343475326
5m,2026-06-09 11:00:00+05:30,353.45,355.0,353.45,354.85,585,326.93587981676103
5m,2026-06-09 11:05:00+05:30,354.85,354.85,348.95,354.15,520,327.0187617512759
5m,2026-06-09 11:10:00+05:30,354.15,362.15,354.15,361.65,715,327.1612715603691
5m,2026-06-09 11:15:00+05:30,361.65,363.85,354.1,354.1,1950,327.52023384859297
5m,2026-06-09 11:20:00+05:30,354.1,388.0,354.1,383.4,6110,329.2316456502357
5m,2026-06-09 11:25:00+05:30,383.4,386.0,365.8,373.25,3315,330.1068465767117
5m,2026-06-09 11:30:00+05:30,373.25,376.2,368.6,372.25,2145,330.62296063186477
5m,2026-06-09 11:35:00+05:30,372.25,372.25,354.1,358.9,4420,331.3873660768028
5m,2026-06-09 11:40:00+05:30,358.9,369.55,353.2,353.85,2015,331.69160119047626
5m,2026-06-09 11:45:00+05:30,353.85,353.85,321.8,334.95,8840,331.9313181198911
5m,2026-06-09 11:50:00+05:30,334.95,344.9,330.15,337.2,7605,332.14153291844093
5m,2026-06-09 11:55:00+05:30,337.2,339.1,330.45,332.0,1040,332.15043988269804
5m,2026-06-09 12:00:00+05:30,332.0,334.1,318.75,332.4,8580,331.99646985317094
5m,2026-06-09 12:05:00+05:30,332.4,339.4,331.0,335.75,5850,332.0890914615619
5m,2026-06-09 12:10:00+05:30,335.75,335.75,327.4,329.85,3445,332.07183014354075
5m,2026-06-09 12:15:00+05:30,329.85,331.55,322.35,325.3,5330,331.9360770577934
5m,2026-06-09 12:20:00+05:30,325.3,325.75,311.9,322.6,5005,331.67554001332195
5m,2026-06-09 12:25:00+05:30,322.6,322.6,315.1,315.1,2340,331.5323584816804
5m,2026-06-09 12:30:00+05:30,315.1,318.55,300.0,305.3,3055,331.22327570180335
5m,2026-06-09 12:35:00+05:30,305.3,310.8,302.15,307.95,4615,330.7523379819525
5m,2026-06-09 12:40:00+05:30,307.95,319.75,306.7,314.0,6500,330.29268920237786
5m,2026-06-09 12:45:00+05:30,314.0,317.45,310.3,314.95,2730,330.1151443362289
5m,2026-06-09 12:50:00+05:30,314.95,323.05,312.1,317.95,2925,329.96980575789115
5m,2026-06-09 12:55:00+05:30,317.95,334.0,317.95,330.4,7605,329.89537574686534
5m,2026-06-09 13:00:00+05:30,330.4,330.4,320.55,323.55,4030,329.81736266467817
5m,2026-06-09 13:05:00+05:30,323.55,326.65,317.75,323.4,6045,329.65428814382904
5m,2026-06-09 13:10:00+05:30,323.4,324.15,308.75,308.75,9880,329.09262339893786
5m,2026-06-09 13:15:00+05:30,308.75,312.5,299.5,312.1,8320,328.479432059448
5m,2026-06-09 13:20:00+05:30,312.1,318.05,310.95,318.05,7540,328.1504543439716
5m,2026-06-09 13:25:00+05:30,318.05,319.1,314.7,314.7,1820,328.0765455212922
5m,2026-06-09 13:30:00+05:30,314.7,327.0,314.7,318.35,6435,327.9045412085938
5m,2026-06-09 13:35:00+05:30,318.35,321.2,306.3,308.0,1820,327.80812084851084
5m,2026-06-09 13:40:00+05:30,308.0,309.0,292.3,295.4,5850,327.26119402985074
5m,2026-06-09 13:45:00+05:30,294.45,304.0,294.1,304.0,3965,326.9249066002491
5m,2026-06-09 13:50:00+05:30,304.0,314.15,304.0,314.15,2925,326.7753855644664
5m,2026-06-09 13:55:00+05:30,314.15,324.25,311.7,315.8,6240,326.59098608590443
5m,2026-06-09 14:00:00+05:30,315.8,321.65,315.8,318.65,2535,326.52941176470586
5m,2026-06-09 14:05:00+05:30,318.65,318.65,303.4,303.4,4680,326.27313609467456
5m,2026-06-09 14:10:00+05:30,303.4,307.7,296.5,304.55,5785,325.8702041739355
5m,2026-06-09 14:15:00+05:30,304.55,308.8,300.0,301.1,6955,325.4115995695658
5m,2026-06-09 14:20:00+05:30,301.1,311.45,301.1,306.0,2275,325.2846444067157
5m,2026-06-09 14:25:00+05:30,306.0,306.0,297.0,297.3,2015,325.1382220555139
5m,2026-06-09 14:30:00+05:30,297.3,298.3,290.0,290.0,5720,324.61263222632226
5m,2026-06-09 14:35:00+05:30,290.0,296.6,269.2,269.2,12090,323.0771435366869
5m,2026-06-09 14:40:00+05:30,269.2,273.65,259.6,267.8,28340,319.0317334216043
5m,2026-06-09 14:45:00+05:30,267.8,274.1,264.55,274.1,8515,318.0106620227874
5m,2026-06-09 14:50:00+05:30,274.1,274.1,256.6,256.75,8190,316.8999391437794
5m,2026-06-09 14:55:00+05:30,256.75,258.5,249.6,254.9,15535,314.6127842357499
5m,2026-06-09 15:00:00+05:30,257.1,268.9,255.0,256.85,11050,313.2350750347843
5m,2026-06-09 15:05:00+05:30,257.85,257.85,247.55,247.7,13065,311.4254716070825
5m,2026-06-09 15:10:00+05:30,247.7,254.1,247.7,250.75,21905,308.60820222651574
5m,2026-06-09 15:15:00+05:30,250.75,254.45,250.0,253.0,13195,307.0786884145523
5m,2026-06-09 15:20:00+05:30,253.2,253.3,244.8,249.3,16185,305.20438425565084
5m,2026-06-09 15:25:00+05:30,249.3,251.1,247.05,248.4,18005,303.24699686520376
5m,2026-06-10 09:15:00+05:30,299.65,317.45,239.7,247.05,313950,268.06666666666666
5m,2026-06-10 09:20:00+05:30,247.5,255.9,238.25,241.95,267930,257.61432082216265
5m,2026-06-10 09:25:00+05:30,241.95,248.15,236.4,237.0,154440,254.02816031073445
5m,2026-06-10 09:30:00+05:30,237.0,241.65,231.1,232.8,207740,249.88136417883044
5m,2026-06-10 09:35:00+05:30,232.8,239.3,232.8,236.3,107575,248.4750355398974
5m,2026-06-10 09:40:00+05:30,236.3,238.45,225.9,229.45,167310,246.11304857889405
5m,2026-06-10 09:45:00+05:30,229.45,230.55,215.0,217.0,328770,240.74660031078074
5m,2026-06-10 09:50:00+05:30,217.15,224.7,215.2,221.05,244595,237.9585448852784
5m,2026-06-10 09:55:00+05:30,221.05,226.65,217.6,225.3,230230,236.27665134764536
5m,2026-06-10 10:00:00+05:30,225.3,231.6,222.9,231.0,348660,235.13317662646196
5m,2026-06-10 10:05:00+05:30,231.6,235.2,225.95,233.0,231400,234.79977397602397
5m,2026-06-10 10:10:00+05:30,232.95,246.65,228.55,246.65,321750,235.43977439430984
5m,2026-06-10 10:15:00+05:30,246.65,253.15,235.85,238.65,368810,236.23606801673773
5m,2026-06-10 10:20:00+05:30,238.65,250.9,234.55,244.35,188435,236.6165863873694
5m,2026-06-10 10:25:00+05:30,244.35,250.45,243.25,244.8,118755,236.9315890353253
5m,2026-06-10 10:30:00+05:30,244.8,247.35,230.45,231.2,165295,236.90532828152064
5m,2026-06-10 10:35:00+05:30,231.2,235.1,221.7,234.45,242320,236.51302633214945
5m,2026-06-10 10:40:00+05:30,234.45,239.2,224.55,228.55,184470,236.26018258681015
5m,2026-06-10 10:45:00+05:30,228.55,232.15,225.75,227.15,80405,236.11133118331915
5m,2026-06-10 10:50:00+05:30,227.15,231.45,219.3,219.3,163865,235.64000493233905
5m,2026-06-10 10:55:00+05:30,219.3,228.15,205.95,206.25,296985,234.2478354800026
5m,2026-06-10 11:00:00+05:30,205.95,218.9,203.6,211.7,332735,232.74731498706356
5m,2026-06-10 11:05:00+05:30,211.7,219.0,210.5,211.25,202865,232.00951138578446
5m,2026-06-10 11:10:00+05:30,211.25,214.7,205.55,213.8,273065,230.99164272227245
5m,2026-06-10 11:15:00+05:30,213.8,220.75,211.05,220.75,295425,230.30973199572443
5m,2026-06-10 11:20:00+05:30,220.75,221.5,209.0,211.3,248235,229.64177515993637
5m,2026-06-10 11:25:00+05:30,211.3,212.2,196.0,199.0,393185,227.98863011637243
5m,2026-06-10 11:30:00+05:30,199.1,204.0,196.05,202.65,270855,226.90166254200895
5m,2026-06-10 11:35:00+05:30,202.65,204.55,193.3,195.2,295035,225.6780543612644
5m,2026-06-10 11:40:00+05:30,195.2,199.0,192.0,196.9,338845,224.31461397840948
5m,2026-06-10 11:45:00+05:30,196.9,203.5,195.95,197.3,375440,223.0857256544503
5m,2026-06-10 11:50:00+05:30,197.3,203.45,195.35,201.4,268645,222.31542922995544
5m,2026-06-10 11:55:00+05:30,201.4,201.7,195.25,197.5,186420,221.7670145702771
5m,2026-06-10 12:00:00+05:30,197.0,207.6,195.65,205.0,471185,220.73536376676026
5m,2026-06-10 12:05:00+05:30,205.0,207.6,199.8,203.0,307840,220.14426837524067
5m,2026-06-10 12:10:00+05:30,203.0,207.35,199.45,201.0,214695,219.73521089808753
5m,2026-06-10 12:15:00+05:30,201.0,206.6,199.1,204.05,335790,219.15520272877936
5m,2026-06-10 12:20:00+05:30,204.05,210.7,201.35,209.6,370825,218.70868653096016
5m,2026-06-10 12:25:00+05:30,209.6,213.7,206.25,208.6,416585,218.33804243423268
5m,2026-06-10 12:30:00+05:30,208.95,214.9,205.1,214.15,327340,218.124455929585
5m,2026-06-10 12:35:00+05:30,214.3,216.0,207.6,213.5,333125,217.94995683155446
5m,2026-06-10 12:40:00+05:30,214.6,226.85,214.0,226.85,691405,218.22317034045102
5m,2026-06-10 12:45:00+05:30,226.85,234.7,216.0,218.6,547820,218.4416000602293
5m,2026-06-10 12:50:00+05:30,218.6,218.95,201.95,205.8,394225,218.14366300272013
5m,2026-06-10 12:55:00+05:30,205.8,212.05,202.3,202.3,321945,217.83050953538037
5m,2026-06-10 13:00:00+05:30,202.6,202.7,181.0,181.75,708435,216.30802183539842
5m,2026-06-10 13:05:00+05:30,181.75,191.15,178.7,185.95,1148225,213.90037870139457
5m,2026-06-10 13:10:00+05:30,185.95,191.0,183.6,189.0,556075,212.95788268368412
5m,2026-06-10 13:15:00+05:30,189.0,193.3,186.25,192.0,663975,212.02799804209502
5m,2026-06-10 13:20:00+05:30,192.0,201.4,190.95,201.4,655070,211.47377357755266
5m,2026-06-10 13:25:00+05:30,201.6,202.2,190.45,192.65,504335,210.99319939930177
5m,2026-06-10 13:30:00+05:30,192.65,212.45,189.9,208.55,827645,210.65499701663472
5m,2026-06-10 13:35:00+05:30,208.55,214.25,204.15,211.25,467285,210.63548290834308
5m,2026-06-10 13:40:00+05:30,211.25,225.95,206.35,221.05,759915,210.91782556007553
5m,2026-06-10 13:45:00+05:30,221.05,222.4,212.8,217.85,410345,211.0591182162529
5m,2026-06-10 13:50:00+05:30,217.85,230.2,214.3,225.1,530595,211.3783537017472
5m,2026-06-10 13:55:00+05:30,224.0,230.3,221.0,223.35,349505,211.60827937412597
5m,2026-06-10 14:00:00+05:30,223.35,230.45,213.15,219.15,421655,211.7956242708928
5m,2026-06-10 14:05:00+05:30,219.15,233.0,216.4,229.25,272935,211.98108190331516
5m,2026-06-10 14:10:00+05:30,229.25,250.9,224.55,249.85,832715,213.1056276928699
5m,2026-06-10 14:15:00+05:30,249.85,257.75,240.35,245.2,381550,213.69503966874476
5m,2026-06-10 14:20:00+05:30,245.2,249.15,237.85,245.2,221910,213.99247784987446
5m,2026-06-10 14:25:00+05:30,245.6,256.0,240.75,255.0,267800,214.41987567309096
5m,2026-06-10 14:30:00+05:30,255.0,276.85,252.8,258.0,527410,215.5021498909951
5m,2026-06-10 14:35:00+05:30,257.75,274.95,250.4,273.9,323765,216.19539934375922
5m,2026-06-10 14:40:00+05:30,273.9,293.4,261.9,292.8,437320,217.3964304919174
5m,2026-06-10 14:45:00+05:30,292.8,303.8,278.35,299.5,341120,218.45891448758638
5m,2026-06-10 14:50:00+05:30,298.8,301.0,288.6,292.0,121680,218.83072075061875
5m,2026-06-10 14:55:00+05:30,292.0,293.75,283.25,292.35,99710,219.11624134647423
5m,2026-06-10 15:00:00+05:30,291.3,305.45,290.55,297.65,177645,219.67693495790968
5m,2026-06-10 15:05:00+05:30,297.65,304.35,291.65,295.5,127725,220.0715110870405
5m,2026-06-10 15:10:00+05:30,295.5,316.0,293.45,314.2,173615,220.67511962604962
5m,2026-06-10 15:15:00+05:30,314.2,318.0,297.25,300.0,192855,221.3147472750693
5m,2026-06-10 15:20:00+05:30,300.55,309.7,297.0,299.1,130195,221.72506949702958
5m,2026-06-10 15:25:00+05:30,301.05,310.0,295.15,310.0,102245,222.05679599610244
5m,2026-06-11 09:15:00+05:30,377.35,414.4,361.1,383.55,113815,386.3499999999999
5m,2026-06-11 09:20:00+05:30,383.55,388.95,355.25,377.6,52195,382.44609109892974
5m,2026-06-11 09:25:00+05:30,377.6,392.9,365.85,372.0,65325,380.88467734382317
5m,2026-06-11 09:30:00+05:30,372.0,393.25,367.6,383.0,25805,380.9246840242669
5m,2026-06-11 09:35:00+05:30,383.0,397.65,360.0,366.45,23400,380.4054796107507
5m,2026-06-11 09:40:00+05:30,366.45,377.0,351.3,355.35,20670,379.0886814846785
5m,2026-06-11 09:45:00+05:30,355.35,359.8,347.95,351.65,23790,377.18875
5m,2026-06-11 09:50:00+05:30,351.65,357.15,335.0,349.0,49010,373.2393899895725
5m,2026-06-11 09:55:00+05:30,349.0,380.8,347.25,376.4,41015,372.73642913077526
5m,2026-06-11 10:00:00+05:30,376.4,384.75,361.95,384.75,17225,372.9123082706767
5m,2026-06-11 10:05:00+05:30,384.75,387.4,338.0,343.45,36400,371.62073740175686
5m,2026-06-11 10:10:00+05:30,343.45,352.0,336.1,352.0,26195,370.3015390341083
5m,2026-06-11 10:15:00+05:30,352.0,352.0,321.0,321.0,22945,368.57472801071225
5m,2026-06-11 10:20:00+05:30,321.75,330.0,316.0,328.7,25740,366.50641991549077
5m,2026-06-11 10:25:00+05:30,328.7,330.5,304.35,313.45,40300,363.0270188525199
5m,2026-06-11 10:30:00+05:30,313.45,323.6,307.0,314.8,26585,360.9411369041281
5m,2026-06-11 10:35:00+05:30,314.8,320.85,306.85,307.35,22490,359.1907825819041
5m,2026-06-11 10:40:00+05:30,307.35,317.15,303.3,312.25,21775,357.58460583796665
5m,2026-06-11 10:45:00+05:30,312.25,319.6,304.55,319.6,16575,356.522794616055
5m,2026-06-11 10:50:00+05:30,319.6,330.9,313.0,327.55,34515,354.92333302634
5m,2026-06-11 10:55:00+05:30,327.55,333.1,323.2,324.0,16445,354.28219932199323
5m,2026-06-11 11:00:00+05:30,324.0,335.2,318.15,324.4,32175,353.072399333678
5m,2026-06-11 11:05:00+05:30,324.4,324.4,300.05,314.0,33215,351.37472834309926
5m,2026-06-11 11:10:00+05:30,314.0,321.15,312.1,319.65,21970,350.45906463267767
5m,2026-06-11 11:15:00+05:30,319.65,321.7,300.45,307.2,24115,349.28249389261396
5m,2026-06-11 11:20:00+05:30,307.2,310.0,292.0,296.3,31460,347.4697971450038
5m,2026-06-11 11:25:00+05:30,296.3,297.75,276.9,278.35,64285,343.102920950183
5m,2026-06-11 11:30:00+05:30,278.35,289.0,273.6,288.5,56940,339.67379681493685
5m,2026-06-11 11:35:00+05:30,288.5,297.5,282.7,290.1,44590,337.52969337788704
5m,2026-06-11 11:40:00+05:30,290.1,293.2,266.5,266.5,42640,335.0621097455147
5m,2026-06-11 11:45:00+05:30,266.5,270.15,253.45,261.75,93405,329.197032230515
5m,2026-06-11 11:50:00+05:30,261.75,263.25,252.85,258.25,52520,326.1359014675052
5m,2026-06-11 11:55:00+05:30,258.25,260.05,241.15,251.25,88140,321.05920982867747
5m,2026-06-11 12:00:00+05:30,251.25,251.45,245.35,250.6,46215,318.60401283466956
5m,2026-06-11 12:05:00+05:30,250.6,256.1,244.95,252.4,74880,315.0688223162428
5m,2026-06-11 12:10:00+05:30,252.4,257.95,248.25,248.45,59735,312.5197481804949
5m,2026-06-11 12:15:00+05:30,248.45,248.45,233.45,248.35,124280,307.1947001450911
5m,2026-06-11 12:20:00+05:30,248.35,252.7,243.4,245.0,73450,304.5741487420656
5m,2026-06-11 12:25:00+05:30,245.0,251.0,240.5,244.3,43485,303.08315984617883
5m,2026-06-11 12:30:00+05:30,244.3,244.3,226.1,226.5,137410,297.8739135480127
5m,2026-06-11 12:35:00+05:30,226.1,242.0,223.7,236.3,115505,294.15271676174234
5m,2026-06-11 12:40:00+05:30,236.3,246.1,236.3,239.05,78325,292.11305337412347
5m,2026-06-11 12:45:00+05:30,239.05,251.0,232.85,249.8,89245,290.1389278516727
5m,2026-06-11 12:50:00+05:30,249.8,250.3,240.8,246.85,51480,289.1064753582113
5m,2026-06-11 12:55:00+05:30,246.85,250.5,226.1,226.1,97175,286.78693037765896
5m,2026-06-11 13:00:00+05:30,226.1,232.9,214.3,231.0,180180,282.3736900984993
5m,2026-06-11 13:05:00+05:30,233.0,245.0,229.6,244.5,95875,280.78476464549567
5m,2026-06-11 13:10:00+05:30,244.5,256.2,240.4,253.4,130065,279.3045216067924
5m,2026-06-11 13:15:00+05:30,253.4,260.0,247.1,257.5,120835,278.2595298339237
5m,2026-06-11 13:20:00+05:30,257.5,276.5,255.75,265.3,197340,277.4494818318641
5m,2026-06-11 13:25:00+05:30,265.3,281.0,264.9,266.5,88140,277.2611080934274
5m,2026-06-11 13:30:00+05:30,266.5,266.5,245.5,264.0,104325,276.6578439894079
5m,2026-06-11 13:35:00+05:30,263.1,276.0,252.25,273.3,72475,276.44900993687315
5m,2026-06-11 13:40:00+05:30,273.3,282.8,266.4,274.5,74555,276.4072754979091
5m,2026-06-11 13:45:00+05:30,274.5,282.35,261.05,270.05,87295,276.27424887582583
5m,2026-06-11 13:50:00+05:30,270.05,276.3,264.45,266.15,42965,276.18436086867524
5m,2026-06-11 13:55:00+05:30,266.15,272.0,255.7,268.0,53040,276.02055615639836
5m,2026-06-11 14:00:00+05:30,268.0,271.25,260.75,266.05,45435,275.89399569246365
5m,2026-06-11 14:05:00+05:30,266.05,292.25,264.1,282.6,102050,275.9977746295449
5m,2026-06-11 14:10:00+05:30,283.4,287.95,269.8,278.2,63700,276.04274160063665
5m,2026-06-11 14:15:00+05:30,278.2,289.7,273.15,277.0,52000,276.0960811917682
5m,2026-06-11 14:20:00+05:30,277.0,287.0,271.0,283.65,61035,276.16632236610064
5m,2026-06-11 14:25:00+05:30,283.65,285.45,250.6,262.75,76375,275.9747403210576
5m,2026-06-11 14:30:00+05:30,263.0,273.05,257.75,270.7,65845,275.83019596407956
5m,2026-06-11 14:35:00+05:30,270.1,296.0,263.95,287.35,133315,276.04253580014637
5m,2026-06-11 14:40:00+05:30,287.35,307.5,285.6,303.85,115960,276.6667561466659
5m,2026-06-11 14:45:00+05:30,301.65,332.2,298.6,311.7,172055,278.12197983707415
5m,2026-06-11 14:50:00+05:30,311.7,326.5,311.7,323.15,63505,278.71969151683334
5m,2026-06-11 14:55:00+05:30,323.15,330.0,317.75,322.1,54925,279.2573848519031
5m,2026-06-11 15:00:00+05:30,322.1,344.8,304.0,341.55,105690,280.41142261730323
5m,2026-06-11 15:05:00+05:30,341.55,348.45,334.7,336.3,47125,281.00642706491305
5m,2026-06-11 15:10:00+05:30,336.3,336.3,317.25,324.35,39195,281.3778771105356
5m,2026-06-11 15:15:00+05:30,324.35,334.4,306.9,323.4,48035,281.7807134977258
5m,2026-06-11 15:20:00+05:30,323.4,327.3,312.6,317.7,43290,282.11571248700574
5m,2026-06-11 15:25:00+05:30,317.7,319.1,299.7,302.4,52650,282.38445896828983
5m,2026-06-12 09:15:00+05:30,175.0,175.05,133.2,139.95,6596005,149.4
5m,2026-06-12 09:20:00+05:30,139.95,145.8,135.1,145.8,4665635,146.43088974311615
5m,2026-06-12 09:25:00+05:30,145.8,158.4,141.9,157.6,5562830,148.48166098743872
5m,2026-06-12 09:30:00+05:30,157.6,165.1,151.0,151.35,5249920,150.22613469726684
5m,2026-06-12 09:35:00+05:30,151.35,166.9,151.0,161.4,3248245,151.44994040575423
5m,2026-06-12 09:40:00+05:30,161.4,175.95,160.9,172.15,4201990,154.04257288054745
5m,2026-06-12 09:45:00+05:30,172.15,179.7,166.85,169.8,2764710,155.59013116353535
5m,2026-06-12 09:50:00+05:30,169.8,183.8,168.6,179.25,1734915,156.69287996306554
5m,2026-06-12 09:55:00+05:30,179.25,183.2,175.6,182.75,1567930,157.74238100195043
5m,2026-06-12 10:00:00+05:30,182.75,198.6,180.6,185.0,2796820,159.95164846483803
5m,2026-06-12 10:05:00+05:30,185.0,191.5,176.6,186.1,1370980,160.80615579409246
5m,2026-06-12 10:10:00+05:30,186.1,192.0,181.95,186.75,862355,161.36009138199466
5m,2026-06-12 10:15:00+05:30,186.75,198.95,183.8,195.3,1285440,162.32087128820368
5m,2026-06-12 10:20:00+05:30,195.3,197.0,175.9,176.35,1099865,162.85184451336244
5m,2026-06-12 10:25:00+05:30,176.35,188.25,172.6,184.0,1059565,163.30303148528102
5m,2026-06-12 10:30:00+05:30,184.0,187.7,175.45,182.9,782535,163.62954563021623
5m,2026-06-12 10:35:00+05:30,182.9,187.0,177.35,178.2,429650,163.79294818974668
5m,2026-06-12 10:40:00+05:30,178.2,184.5,177.75,182.05,372710,163.93696671127947
5m,2026-06-12 10:45:00+05:30,181.95,195.9,177.3,182.95,1040520,164.41488749185635
5m,2026-06-12 10:50:00+05:30,182.95,189.95,178.6,179.85,549835,164.62886405882168
5m,2026-06-12 10:55:00+05:30,179.85,182.1,174.9,177.25,557700,164.78584174047137
5m,2026-06-12 11:00:00+05:30,177.25,188.0,177.25,183.4,611585,165.0144671605827
5m,2026-06-12 11:05:00+05:30,183.4,192.3,179.7,184.95,628225,165.27881803477365
5m,2026-06-12 11:10:00+05:30,184.95,186.85,169.05,169.9,1036295,165.48550994023915
5m,2026-06-12 11:15:00+05:30,169.75,183.0,167.4,181.75,1085760,165.73800545795496
5m,2026-06-12 11:20:00+05:30,181.75,192.3,178.05,178.25,1008280,166.0690460408828
5m,2026-06-12 11:25:00+05:30,178.25,188.95,178.25,184.9,616915,166.27899154179667
5m,2026-06-12 11:30:00+05:30,184.9,187.4,172.6,175.95,732550,166.4483193078296
5m,2026-06-12 11:35:00+05:30,175.95,178.85,171.5,174.95,474565,166.5243603448733
5m,2026-06-12 11:40:00+05:30,174.95,175.4,168.45,171.9,550160,166.57874954616562
5m,2026-06-12 11:45:00+05:30,171.45,175.8,161.15,165.8,1014650,166.59709577938034
5m,2026-06-12 11:50:00+05:30,165.8,175.0,163.6,166.35,728000,166.6193361633463
5m,2026-06-12 11:55:00+05:30,166.35,170.45,159.95,169.95,793520,166.62161600794389
5m,2026-06-12 12:00:00+05:30,169.95,174.0,166.0,168.0,683215,166.65368944402252
5m,2026-06-12 12:05:00+05:30,168.0,178.8,167.8,178.65,779155,166.7658804116676
5m,2026-06-12 12:10:00+05:30,178.65,192.5,176.45,188.3,1564680,167.26006114551146
5m,2026-06-12 12:15:00+05:30,187.4,192.85,183.15,189.4,938340,167.58602828383934
5m,2026-06-12 12:20:00+05:30,189.4,189.4,175.65,178.25,850200,167.77165469502063
5m,2026-06-12 12:25:00+05:30,178.25,178.3,171.95,176.2,593450,167.84489069531998
5m,2026-06-12 12:30:00+05:30,176.2,192.25,175.0,186.65,1048840,168.12201998057668
5m,2026-06-12 12:35:00+05:30,186.65,193.7,184.85,189.15,670215,168.34238118955383
5m,2026-06-12 12:40:00+05:30,189.45,205.2,188.3,205.2,1453530,169.033576076688
5m,2026-06-12 12:45:00+05:30,204.5,214.0,198.15,205.0,1310270,169.75125443175946
5m,2026-06-12 12:50:00+05:30,205.0,208.6,197.4,198.15,673985,170.06641536531905
5m,2026-06-12 12:55:00+05:30,198.15,203.8,195.4,200.0,397280,170.23962835027982
5m,2026-06-12 13:00:00+05:30,200.0,203.3,191.1,193.75,471965,170.41742084080823
5m,2026-06-12 13:05:00+05:30,193.75,197.8,184.45,191.75,857480,170.67594949221436
5m,2026-06-12 13:10:00+05:30,191.75,194.7,182.45,186.95,586820,170.82154193947403
5m,2026-06-12 13:15:00+05:30,186.95,189.2,176.6,182.7,560755,170.91705515348374
5m,2026-06-12 13:20:00+05:30,182.7,191.0,178.0,190.0,452465,171.01533613823773
5m,2026-06-12 13:25:00+05:30,190.0,198.05,128.0,148.7,3526640,170.41105723523242
5m,2026-06-12 13:30:00+05:30,147.9,150.25,127.45,131.15,3166215,169.01977290581468
5m,2026-06-12 13:35:00+05:30,130.7,132.25,111.3,112.2,5434650,165.72131653309597
5m,2026-06-12 13:40:00+05:30,112.0,115.6,105.1,109.05,5823350,162.06685403606852
5m,2026-06-12 13:45:00+05:30,109.1,112.95,100.05,104.95,4543240,159.34076029004055
5m,2026-06-12 13:50:00+05:30,104.95,110.45,99.0,105.35,3996785,157.109635205999
5m,2026-06-12 13:55:00+05:30,105.35,107.25,98.95,101.4,2990845,155.48473638735
5m,2026-06-12 14:00:00+05:30,101.4,105.25,97.0,97.1,2823405,153.96198267899138
5m,2026-06-12 14:05:00+05:30,97.1,103.95,96.9,102.1,2160210,152.87656463228768
5m,2026-06-12 14:10:00+05:30,102.25,105.15,94.05,97.15,3297580,151.2361107939573
5m,2026-06-12 14:15:00+05:30,97.15,99.6,92.9,94.4,2370810,150.04965468133202
5m,2026-06-12 14:20:00+05:30,94.4,96.5,92.55,94.55,1592630,149.26511855277775
5m,2026-06-12 14:25:00+05:30,94.55,97.7,87.0,90.65,2812030,147.86577535648377
5m,2026-06-12 14:30:00+05:30,90.65,92.85,88.3,91.45,2270515,146.76699030849682
5m,2026-06-12 14:35:00+05:30,91.55,95.35,86.0,86.85,2604810,145.52574262228052
5m,2026-06-12 14:40:00+05:30,86.85,90.55,81.6,83.2,3124550,143.99753616941854
5m,2026-06-12 14:45:00+05:30,83.2,85.2,76.8,78.45,3009110,142.47901556422767
5m,2026-06-12 14:50:00+05:30,78.45,80.3,77.4,78.15,1667315,141.64837107016143
5m,2026-06-12 14:55:00+05:30,78.15,79.95,74.4,78.7,2044185,140.64434602300292
5m,2026-06-12 15:00:00+05:30,78.7,83.85,56.75,59.7,5881785,137.45192835834294
5m,2026-06-12 15:05:00+05:30,60.05,66.4,58.05,66.1,2497625,136.1196980738287
5m,2026-06-12 15:10:00+05:30,66.0,68.1,60.6,62.95,2078310,135.05260257369812
5m,2026-06-12 15:15:00+05:30,62.95,65.7,61.3,63.95,2072915,134.01583732138744
5m,2026-06-12 15:20:00+05:30,63.95,66.7,60.8,61.95,2652845,132.7230186372866
5m,2026-06-12 15:25:00+05:30,61.95,63.3,53.9,55.15,3835000,130.78887625912898
15m,2026-06-03 09:15:00+05:30,246.05,347.25,242.8,332.9,32305,307.65
15m,2026-06-03 09:30:00+05:30,332.9,358.3,327.5,343.65,9945,316.00615384615384
15m,2026-06-03 09:45:00+05:30,343.65,370.65,325.95,352.15,3900,318.843661971831
15m,2026-06-03 10:00:00+05:30,352.15,367.0,333.55,365.95,4095,321.83117723156533
15m,2026-06-03 10:15:00+05:30,365.95,365.95,338.05,352.9,2340,323.187021013597
15m,2026-06-03 10:30:00+05:30,352.9,379.45,352.9,368.3,2210,324.9493871095295
15m,2026-06-03 10:45:00+05:30,368.3,368.3,359.3,359.3,65,324.99364139020537
15m,2026-06-03 11:00:00+05:30,359.3,388.9,359.3,380.0,2080,326.8593226788433
15m,2026-06-03 11:15:00+05:30,380.0,388.3,369.95,383.2,3510,329.9729749103943
15m,2026-06-03 11:30:00+05:30,383.2,383.2,365.0,380.05,1040,330.7528541226216
15m,2026-06-03 11:45:00+05:30,380.05,390.45,371.6,390.25,1235,331.8032124352332
15m,2026-06-03 12:00:00+05:30,390.25,421.95,390.25,407.3,1690,333.7629667003028
15m,2026-06-03 12:15:00+05:30,407.3,407.3,350.8,359.95,3575,335.8094486934354
15m,2026-06-03 12:30:00+05:30,359.95,359.95,279.55,291.55,15405,331.10649519355684
15m,2026-06-03 12:45:00+05:30,291.55,325.0,290.0,323.55,4420,330.1875894399211
15m,2026-06-03 13:00:00+05:30,323.55,323.55,309.0,314.6,1950,329.8732319575188
15m,2026-06-03 13:15:00+05:30,303.0,306.1,287.3,291.7,1885,329.1566666666667
15m,2026-06-03 13:30:00+05:30,291.7,297.05,279.75,297.05,6825,326.53178217821784
15m,2026-06-03 13:45:00+05:30,297.05,297.05,233.85,272.8,31460,312.33579289644825
15m,2026-06-03 14:00:00+05:30,272.8,272.8,246.5,251.3,6955,309.51756093700544
15m,2026-06-03 14:15:00+05:30,251.05,253.75,230.3,239.5,20345,300.6756373156952
15m,2026-06-03 14:30:00+05:30,239.5,248.2,225.4,229.6,16900,294.2435112604206
15m,2026-06-03 14:45:00+05:30,229.6,238.05,223.7,230.45,23270,286.7569641093184
15m,2026-06-03 15:00:00+05:30,230.45,255.4,219.2,240.35,27365,280.85951898978215
15m,2026-06-03 15:15:00+05:30,240.35,250.0,232.7,250.0,22165,277.57193559708696
15m,2026-06-04 09:15:00+05:30,320.0,338.55,278.85,287.5,32955,301.6333333333334
15m,2026-06-04 09:30:00+05:30,287.5,303.05,272.55,275.7,25350,293.8652173913043
15m,2026-06-04 09:45:00+05:30,275.7,280.7,239.0,252.9,38675,279.37629579982126
15m,2026-06-04 10:00:00+05:30,252.9,259.75,239.55,245.15,13390,275.5879466038477
15m,2026-06-04 10:15:00+05:30,245.15,249.8,235.1,248.3,24180,269.983156199678
15m,2026-06-04 10:30:00+05:30,248.3,269.2,247.4,252.1,28145,267.604541217206
15m,2026-06-04 10:45:00+05:30,252.1,254.5,233.45,244.0,13585,265.7841752704032
15m,2026-06-04 11:00:00+05:30,244.0,271.55,244.0,255.0,21970,264.7940928961749
15m,2026-06-04 11:15:00+05:30,255.0,268.9,253.25,256.35,7865,264.5920792599601
15m,2026-06-04 11:30:00+05:30,256.35,278.2,219.15,232.8,66885,259.39593650793654
15m,2026-06-04 11:45:00+05:30,232.8,253.0,229.0,240.3,31070,257.49238991021804
15m,2026-06-04 12:00:00+05:30,240.3,243.55,229.0,232.3,15080,256.427250509165
15m,2026-06-04 12:15:00+05:30,232.3,241.0,228.5,238.7,10855,255.75752084564377
15m,2026-06-04 12:30:00+05:30,238.7,262.9,238.1,260.5,17095,255.66275280898876
15m,2026-06-04 12:45:00+05:30,260.5,264.35,248.05,249.5,14300,255.59564148681054
15m,2026-06-04 13:00:00+05:30,249.5,294.05,244.45,294.05,25935,257.06341947754095
15m,2026-06-04 13:15:00+05:30,294.05,309.6,270.8,275.4,79625,261.8725756310319
15m,2026-06-04 13:30:00+05:30,275.4,282.65,265.9,276.35,5330,262.0203481970823
15m,2026-06-04 13:45:00+05:30,276.35,282.1,266.7,269.9,7085,262.1811457627118
15m,2026-06-04 14:00:00+05:30,269.9,269.9,232.15,240.5,45305,260.91489924017174
15m,2026-06-04 14:15:00+05:30,240.5,246.1,231.5,234.85,19630,260.06986306822705
15m,2026-06-04 14:30:00+05:30,234.85,236.6,199.85,227.75,94835,254.33210956303603
15m,2026-06-04 14:45:00+05:30,227.75,241.15,212.05,234.8,40235,252.85160415869368
15m,2026-06-04 15:00:00+05:30,234.8,244.45,219.25,220.25,49010,251.1783330358736
15m,2026-06-04 15:15:00+05:30,220.25,225.3,204.55,207.85,48490,248.7683344489067
15m,2026-06-05 09:15:00+05:30,199.95,226.75,188.8,218.1,96265,211.21666666666667
15m,2026-06-05 09:30:00+05:30,218.1,220.9,202.55,205.5,58955,210.6216219988833
15m,2026-06-05 09:45:00+05:30,205.5,220.1,203.75,219.95,47580,211.5550106837607
15m,2026-06-05 10:00:00+05:30,219.95,226.95,184.95,202.7,154310,208.66492537313434
15m,2026-06-05 10:15:00+05:30,202.7,210.95,193.0,204.4,72345,207.67412592704707
15m,2026-06-05 10:30:00+05:30,204.4,274.25,202.2,261.45,156780,217.9149074176738
15m,2026-06-05 10:45:00+05:30,261.45,286.25,240.0,240.0,61165,221.4579953145917
15m,2026-06-05 11:00:00+05:30,240.0,241.1,188.3,206.5,130390,219.86685330659088
15m,2026-06-05 11:15:00+05:30,206.5,241.05,203.6,225.0,80405,220.1807000934131
15m,2026-06-05 11:30:00+05:30,225.0,235.85,214.6,223.85,45565,220.41191144035287
15m,2026-06-05 11:45:00+05:30,223.85,241.35,216.95,239.75,38285,220.91062581936103
15m,2026-06-05 12:00:00+05:30,239.75,239.75,212.85,213.0,35555,220.94539671985814
15m,2026-06-05 12:15:00+05:30,213.0,220.8,206.15,215.65,28015,220.75747958546094
15m,2026-06-05 12:30:00+05:30,215.65,258.0,214.4,247.85,84370,222.2533921720635
15m,2026-06-05 12:45:00+05:30,247.85,264.45,240.2,250.65,31980,223.09462564934438
15m,2026-06-05 13:00:00+05:30,250.65,272.0,249.0,268.4,33215,224.2458624052817
15m,2026-06-05 13:15:00+05:30,268.4,289.8,260.15,289.8,25155,225.4323044587624
15m,2026-06-05 13:30:00+05:30,289.8,311.85,278.8,298.1,40755,227.79591007487844
15m,2026-06-05 13:45:00+05:30,298.1,301.8,276.0,276.0,15145,228.49181169707484
15m,2026-06-05 14:00:00+05:30,276.0,286.8,270.0,286.8,10660,228.94242645397833
15m,2026-06-05 14:15:00+05:30,286.8,292.05,258.1,261.3,13455,229.3859008079766
15m,2026-06-05 14:30:00+05:30,261.3,280.0,215.4,220.4,76180,229.91108922608046
15m,2026-06-05 14:45:00+05:30,219.35,250.0,208.1,241.1,66755,230.06120169221978
15m,2026-06-05 15:00:00+05:30,239.95,260.75,235.0,243.0,29250,230.3917502306517
15m,2026-06-05 15:15:00+05:30,243.0,247.55,227.0,246.6,64025,230.81920459810053
15m,2026-06-08 09:15:00+05:30,399.0,426.0,368.45,380.5,135330,391.65000000000003
15m,2026-06-08 09:30:00+05:30,380.5,388.0,361.35,375.4,11310,390.3593971631206
15m,2026-06-08 09:45:00+05:30,375.4,393.85,350.4,353.2,15145,388.06190571849476
15m,2026-06-08 10:00:00+05:30,353.2,378.25,353.0,369.55,3575,387.6051166142558
15m,2026-06-08 10:15:00+05:30,369.55,375.15,362.0,367.05,4095,387.13295614371566
15m,2026-06-08 10:30:00+05:30,367.05,367.05,341.05,361.85,7150,385.8988283646179
15m,2026-06-08 10:45:00+05:30,361.85,366.0,338.0,338.0,4550,384.93019375672776
15m,2026-06-08 11:00:00+05:30,340.55,358.0,340.55,356.9,3510,384.3007919746569
15m,2026-06-08 11:15:00+05:30,356.9,367.1,355.75,367.1,5915,383.649511141428
15m,2026-06-08 11:30:00+05:30,367.1,367.1,347.3,352.8,10270,382.22208198489756
15m,2026-06-08 11:45:00+05:30,352.8,353.7,344.55,345.05,2860,381.7383429057648
15m,2026-06-08 12:00:00+05:30,345.05,354.45,330.25,338.3,1755,381.3903722450702
15m,2026-06-08 12:15:00+05:30,338.3,339.6,328.55,333.2,3380,380.61988795518215
15m,2026-06-08 12:30:00+05:30,334.4,338.35,310.5,317.65,7280,378.65093734335846
15m,2026-06-08 12:45:00+05:30,317.65,325.6,298.1,318.25,17615,373.77748887652956
15m,2026-06-08 13:00:00+05:30,318.25,331.55,313.15,330.85,4355,372.8886522886524
15m,2026-06-08 13:15:00+05:30,330.85,340.15,320.75,332.8,3315,372.316648716568
15m,2026-06-08 13:30:00+05:30,332.8,363.1,332.8,363.1,11570,371.43320486467974
15m,2026-06-08 13:45:00+05:30,363.1,377.45,356.05,374.0,7735,371.36596027590804
15m,2026-06-08 14:00:00+05:30,374.0,381.75,358.75,379.4,4225,371.39680242067396
15m,2026-06-08 14:15:00+05:30,380.45,387.55,369.4,381.65,9100,371.6669908285896
15m,2026-06-08 14:30:00+05:30,381.65,381.65,361.85,361.85,28665,371.3623541621932
15m,2026-06-08 14:45:00+05:30,361.85,369.85,345.05,361.1,5590,371.1321561599551
15m,2026-06-08 15:00:00+05:30,361.1,411.2,361.1,390.8,15860,371.94277454715603
15m,2026-06-08 15:15:00+05:30,390.8,414.3,388.15,413.95,11635,373.10436507936515
15m,2026-06-09 09:15:00+05:30,345.2,345.2,308.55,316.4,47840,323.3833333333333
15m,2026-06-09 09:30:00+05:30,316.4,322.65,292.9,322.65,26260,319.60912280701757
15m,2026-06-09 09:45:00+05:30,322.65,333.55,305.25,325.8,35815,320.23611275379454
15m,2026-06-09 10:00:00+05:30,325.8,341.1,320.6,339.9,20475,322.3765038218677
15m,2026-06-09 10:15:00+05:30,339.9,353.85,331.9,347.45,9230,323.8324332712601
15m,2026-06-09 10:30:00+05:30,347.45,358.0,342.95,343.85,5070,324.68861934710986
15m,2026-06-09 10:45:00+05:30,343.85,371.6,340.9,353.45,15535,327.6582352941176
15m,2026-06-09 11:00:00+05:30,353.45,362.15,348.95,361.65,1820,327.9943374782724
15m,2026-06-09 11:15:00+05:30,361.65,388.0,354.1,373.25,11375,330.8665542228885
15m,2026-06-09 11:30:00+05:30,373.25,376.2,353.2,353.85,8580,332.29105952380945
15m,2026-06-09 11:45:00+05:30,353.85,353.85,321.8,332.0,17485,332.60592483979576
15m,2026-06-09 12:00:00+05:30,332.0,339.4,318.75,329.85,17875,332.33679724880375
15m,2026-06-09 12:15:00+05:30,329.85,331.55,311.9,315.1,12675,331.63040406894595
15m,2026-06-09 12:30:00+05:30,315.1,319.75,300.0,314.0,14170,330.44783071599676
15m,2026-06-09 12:45:00+05:30,314.0,334.0,310.3,330.4,13260,330.1621055289068
15m,2026-06-09 13:00:00+05:30,330.4,330.4,308.75,308.75,19955,329.14101843174
15m,2026-06-09 13:15:00+05:30,308.75,319.1,299.5,314.7,17680,328.06014684287805
15m,2026-06-09 13:30:00+05:30,314.7,327.0,292.3,295.4,14105,327.00365076028305
15m,2026-06-09 13:45:00+05:30,294.45,324.25,294.1,315.8,13130,326.36737245412377
15m,2026-06-09 14:00:00+05:30,315.8,321.65,296.5,304.55,13000,325.6385216773276
15m,2026-06-09 14:15:00+05:30,304.55,311.45,297.0,297.3,11245,324.868851587897
15m,2026-06-09 14:30:00+05:30,297.3,298.3,259.6,267.8,46150,319.03614421273306
15m,2026-06-09 14:45:00+05:30,267.8,274.1,249.6,254.9,32240,314.5220123381258
15m,2026-06-09 15:00:00+05:30,257.1,268.9,247.55,250.75,46020,308.7778245468764
15m,2026-06-09 15:15:00+05:30,250.75,254.45,244.8,248.4,47385,303.33329989550674
15m,2026-06-10 09:15:00+05:30,299.65,317.45,236.4,237.0,736320,263.6166666666667
15m,2026-06-10 09:30:00+05:30,237.0,241.65,225.9,229.45,482625,251.23044846157947
15m,2026-06-10 09:45:00+05:30,229.45,230.55,215.0,225.3,803595,240.25894877233577
15m,2026-06-10 10:00:00+05:30,225.3,246.65,222.9,246.65,901810,239.78848003259986
15m,2026-06-10 10:15:00+05:30,246.65,253.15,234.55,244.8,676000,240.61052626827947
15m,2026-06-10 10:30:00+05:30,244.8,247.35,221.7,228.55,592085,239.46980857584353
15m,2026-06-10 10:45:00+05:30,228.55,232.15,205.95,206.25,541255,236.64713151896302
15m,2026-06-10 11:00:00+05:30,205.95,219.0,203.6,213.8,808665,233.07041176539576
15m,2026-06-10 11:15:00+05:30,213.8,221.5,196.0,199.0,936845,229.0839315810594
15m,2026-06-10 11:30:00+05:30,199.1,204.55,192.0,196.9,904735,225.25283218455561
15m,2026-06-10 11:45:00+05:30,196.9,203.5,195.25,197.5,830505,222.5733148171594
15m,2026-06-10 12:00:00+05:30,197.0,207.6,195.65,201.0,993720,220.29014593215874
15m,2026-06-10 12:15:00+05:30,201.0,213.7,199.1,208.6,1123200,218.85976968827597
15m,2026-06-10 12:30:00+05:30,208.95,226.85,205.1,226.85,1351870,218.94542195665642
15m,2026-06-10 12:45:00+05:30,226.85,234.7,201.95,202.3,1263990,218.3633649282755
15m,2026-06-10 13:00:00+05:30,202.6,202.7,178.7,189.0,2412735,213.92900393696902
15m,2026-06-10 13:15:00+05:30,189.0,202.2,186.25,192.65,1823380,211.78243802304192
15m,2026-06-10 13:30:00+05:30,192.65,225.95,189.9,221.05,2054845,211.8377192211876
15m,2026-06-10 13:45:00+05:30,221.05,230.3,212.8,223.35,1290445,212.4859570437215
15m,2026-06-10 14:00:00+05:30,223.35,250.9,213.15,249.85,1527305,214.25041745009165
15m,2026-06-10 14:15:00+05:30,249.85,257.75,237.85,255.0,871260,215.61654357773455
15m,2026-06-10 14:30:00+05:30,255.0,293.4,250.4,292.8,1288495,218.9820262122119
15m,2026-06-10 14:45:00+05:30,292.8,303.8,278.35,292.35,562510,220.62831584046646
15m,2026-06-10 15:00:00+05:30,291.3,316.0,290.55,314.2,478985,222.264714904831
15m,2026-06-10 15:15:00+05:30,314.2,318.0,295.15,310.0,425295,223.6797766473052
15m,2026-06-11 09:15:00+05:30,377.35,414.4,355.25,372.0,231335,380.55
15m,2026-06-11 09:30:00+05:30,372.0,397.65,351.3,355.35,69875,377.66183642641346
15m,2026-06-11 09:45:00+05:30,355.35,380.8,335.0,376.4,113815,373.9335447663795
15m,2026-06-11 10:00:00+05:30,376.4,387.4,336.1,352.0,79820,371.44406716581284
15m,2026-06-11 10:15:00+05:30,352.0,352.0,304.35,313.45,88985,364.1010632375863
15m,2026-06-11 10:30:00+05:30,313.45,323.6,303.3,312.25,70850,358.5762758141382
15m,2026-06-11 10:45:00+05:30,312.25,333.1,304.55,324.0,67535,355.02040320403205
15m,2026-06-11 11:00:00+05:30,324.0,335.2,300.05,319.65,87360,351.0579606583701
15m,2026-06-11 11:15:00+05:30,319.65,321.7,276.9,278.35,119860,343.48267944145283
15m,2026-06-11 11:30:00+05:30,278.35,297.5,266.5,266.5,144170,334.5326128635144
15m,2026-06-11 11:45:00+05:30,266.5,270.15,241.15,251.25,234065,320.15057908340793
15m,2026-06-11 12:00:00+05:30,251.25,257.95,244.95,248.45,180830,311.6830240174673
15m,2026-06-11 12:15:00+05:30,248.45,252.7,233.45,244.3,241215,302.17233099094364
15m,2026-06-11 12:30:00+05:30,244.3,246.1,223.7,239.05,331240,291.58254538955646
15m,2026-06-11 12:45:00+05:30,239.05,251.0,226.1,226.1,237900,285.6649352974996
15m,2026-06-11 13:00:00+05:30,226.1,256.2,214.3,253.4,406120,279.0040650406504
15m,2026-06-11 13:15:00+05:30,253.4,281.0,247.1,266.5,406315,277.1578093009652
15m,2026-06-11 13:30:00+05:30,266.5,282.8,245.5,274.5,251355,276.44337076914155
15m,2026-06-11 13:45:00+05:30,274.5,282.35,255.7,268.0,183300,276.0422323245284
15m,2026-06-11 14:00:00+05:30,268.0,292.25,260.75,278.2,211185,276.0998148852981
15m,2026-06-11 14:15:00+05:30,278.2,289.7,250.6,262.75,189410,275.6958747831434
15m,2026-06-11 14:30:00+05:30,263.0,307.5,257.75,303.85,315120,276.73138205926017
15m,2026-06-11 14:45:00+05:30,301.65,332.2,298.6,322.1,290485,279.341449031171
15m,2026-06-11 15:00:00+05:30,322.1,348.45,304.0,324.35,192010,281.2136695575924
15m,2026-06-11 15:15:00+05:30,324.35,334.4,299.7,302.4,143975,282.12535925462976
15m,2026-06-12 09:15:00+05:30,175.0,175.05,133.2,157.6,16824470,155.28333333333333
15m,2026-06-12 09:30:00+05:30,157.6,175.95,151.0,172.15,12700155,160.05088080430033
15m,2026-06-12 09:45:00+05:30,172.15,183.8,166.85,182.75,6067555,163.07665098531942
15m,2026-06-12 10:00:00+05:30,182.75,198.6,176.6,186.75,5030155,166.0782272383735
15m,2026-06-12 10:15:00+05:30,186.75,198.95,172.6,184.0,3444870,167.57173259759344
15m,2026-06-12 10:30:00+05:30,184.0,187.7,175.45,182.05,1584895,168.06337811221533
15m,2026-06-12 10:45:00+05:30,181.95,195.9,174.9,177.25,2148055,168.72037321845502
15m,2026-06-12 11:00:00+05:30,177.25,192.3,169.05,169.9,2276105,169.10049296646088
15m,2026-06-12 11:15:00+05:30,169.75,192.3,167.4,184.9,2710955,169.7389973989598
15m,2026-06-12 11:30:00+05:30,184.9,187.4,168.45,171.9,1757275,169.93802508741027
15m,2026-06-12 11:45:00+05:30,171.45,175.8,159.95,169.95,2536170,169.87709380024685
15m,2026-06-12 12:00:00+05:30,169.95,192.5,166.0,188.3,3027050,170.50103799218655
15m,2026-06-12 12:15:00+05:30,187.4,192.85,171.95,176.2,2381990,170.87582662422764
15m,2026-06-12 12:30:00+05:30,176.2,205.2,175.0,205.2,3172585,172.04786932610298
15m,2026-06-12 12:45:00+05:30,204.5,214.0,195.4,200.0,2381535,173.13586116025425
15m,2026-06-12 13:00:00+05:30,200.0,203.3,182.45,186.95,1916265,173.62243571935815
15m,2026-06-12 13:15:00+05:30,186.95,198.05,128.0,148.7,4539860,172.68567387309255
15m,2026-06-12 13:30:00+05:30,147.9,150.25,105.1,109.05,14424215,164.37753835590536
15m,2026-06-12 13:45:00+05:30,109.1,112.95,98.95,101.4,11530870,157.49675960974776
15m,2026-06-12 14:00:00+05:30,101.4,105.25,94.05,97.15,8281195,153.02776786132372
15m,2026-06-12 14:15:00+05:30,97.15,99.6,87.0,90.65,6775470,149.47255470467007
15m,2026-06-12 14:30:00+05:30,90.65,95.35,81.6,83.2,7999875,145.40784028303312
15m,2026-06-12 14:45:00+05:30,83.2,85.2,74.4,78.7,6720610,142.00323681904118
15m,2026-06-12 15:00:00+05:30,78.7,83.85,56.75,62.95,10457720,136.49130037053118
15m,2026-06-12 15:15:00+05:30,62.95,66.7,53.9,55.15,8560760,132.02263398142873
1h,2026-05-19 09:15:00+05:30,353.35,353.35,353.35,353.35,0,
1h,2026-05-19 10:15:00+05:30,353.35,353.35,353.35,353.35,0,
1h,2026-05-19 11:15:00+05:30,353.35,353.35,353.35,353.35,0,
1h,2026-05-19 12:15:00+05:30,353.35,353.35,319.6,319.6,130,330.85
1h,2026-05-19 13:15:00+05:30,319.6,319.6,319.6,319.6,0,330.85
1h,2026-05-19 14:15:00+05:30,319.6,319.6,319.6,319.6,0,330.85
1h,2026-05-19 15:15:00+05:30,319.6,319.6,319.6,319.6,0,330.85
1h,2026-05-20 09:15:00+05:30,412.25,412.25,409.5,409.5,65,410.4166666666667
1h,2026-05-20 10:15:00+05:30,409.5,409.5,382.7,382.7,130,397.89444444444456
1h,2026-05-20 11:15:00+05:30,382.7,382.7,375.0,375.0,325,385.1895833333334
1h,2026-05-20 12:15:00+05:30,375.0,375.0,375.0,375.0,0,385.1895833333334
1h,2026-05-20 13:15:00+05:30,375.0,375.0,348.05,348.05,390,373.1226190476191
1h,2026-05-20 14:15:00+05:30,348.05,348.05,344.8,344.8,65,371.30666666666673
1h,2026-05-20 15:15:00+05:30,344.8,344.8,344.8,344.8,0,371.30666666666673
1h,2026-05-21 12:15:00+05:30,352.7,352.75,352.7,352.7,0,
1h,2026-05-21 13:15:00+05:30,352.7,352.7,314.2,315.0,715,327.3
1h,2026-05-21 14:15:00+05:30,315.0,319.0,303.1,319.0,260,323.67333333333335
1h,2026-05-21 15:15:00+05:30,319.0,319.0,319.0,319.0,0,323.67333333333335
1h,2026-05-22 09:15:00+05:30,319.0,319.0,261.05,261.05,325,280.3666666666666
1h,2026-05-22 10:15:00+05:30,261.05,261.05,261.05,261.05,0,280.3666666666666
1h,2026-05-22 11:15:00+05:30,261.05,261.05,241.9,244.15,325,264.7
1h,2026-05-22 12:15:00+05:30,244.15,246.9,233.0,233.05,1105,247.6685185185185
1h,2026-05-22 13:15:00+05:30,233.05,234.9,233.05,234.9,130,246.74540229885056
1h,2026-05-22 14:15:00+05:30,234.9,266.0,234.9,260.2,195,247.39739583333332
1h,2026-05-22 15:15:00+05:30,260.2,260.2,246.45,246.45,65,247.50757575757575
1h,2026-05-25 10:15:00+05:30,158.0,159.7,152.0,152.0,910,154.56666666666666
1h,2026-05-25 11:15:00+05:30,152.0,152.0,152.0,152.0,0,154.56666666666666
1h,2026-05-25 12:15:00+05:30,152.0,152.0,152.0,152.0,0,154.56666666666666
1h,2026-05-25 13:15:00+05:30,152.0,152.0,152.0,152.0,0,154.56666666666666
1h,2026-05-25 14:15:00+05:30,152.0,152.0,128.25,130.65,1690,143.12666666666667
1h,2026-05-25 15:15:00+05:30,130.65,130.65,116.1,116.1,2470,132.32264957264957
1h,2026-05-26 09:15:00+05:30,111.8,111.8,111.8,111.8,0,
1h,2026-05-26 10:15:00+05:30,111.8,111.8,105.05,107.0,325,107.95
1h,2026-05-26 11:15:00+05:30,107.0,111.9,103.9,103.9,2665,106.71702898550726
1h,2026-05-26 12:15:00+05:30,103.9,110.0,103.9,109.95,585,106.91878787878788
1h,2026-05-26 13:15:00+05:30,109.95,109.95,109.95,109.95,0,106.91878787878788
1h,2026-05-26 14:15:00+05:30,109.95,142.6,109.95,140.0,390,109.27267759562842
1h,2026-05-26 15:15:00+05:30,140.0,140.0,133.8,133.8,325,111.28737373737374
1h,2026-05-27 09:15:00+05:30,133.85,133.85,119.3,119.3,325,124.15
1h,2026-05-27 10:15:00+05:30,119.3,119.3,108.0,108.0,2015,113.48657407407408
1h,2026-05-27 11:15:00+05:30,108.0,116.05,105.3,116.05,6825,112.72706855791961
1h,2026-05-27 12:15:00+05:30,116.05,117.2,110.5,116.3,585,112.84344444444443
1h,2026-05-27 13:15:00+05:30,116.3,116.3,116.25,116.25,2405,113.52076648841353
1h,2026-05-27 14:15:00+05:30,116.25,129.3,116.25,120.0,1170,114.2521138211382
1h,2026-05-27 15:15:00+05:30,120.0,120.0,103.5,108.2,1755,113.82320402298849
1h,2026-05-29 09:15:00+05:30,100.8,113.0,95.65,97.45,12025,102.03333333333335
1h,2026-05-29 10:15:00+05:30,97.45,106.8,95.0,100.65,2340,101.83514328808448
1h,2026-05-29 11:15:00+05:30,100.65,122.0,94.0,122.0,3575,103.99359903381644
1h,2026-05-29 12:15:00+05:30,122.0,148.7,117.0,148.7,4680,111.05699233716476
1h,2026-05-29 13:15:00+05:30,148.7,162.45,146.35,160.55,8840,123.8120523415978
1h,2026-05-29 14:15:00+05:30,160.55,203.25,138.75,186.45,16120,141.54403460837887
1h,2026-05-29 15:15:00+05:30,186.45,196.5,166.4,190.3,6240,146.5128421900161
1h,2026-06-01 09:15:00+05:30,188.05,220.8,185.0,210.0,8710,205.26666666666665
1h,2026-06-01 10:15:00+05:30,210.0,229.7,187.6,187.6,3315,204.26504504504504
1h,2026-06-01 11:15:00+05:30,187.6,244.35,187.6,224.7,5070,208.60050697084915
1h,2026-06-01 12:15:00+05:30,224.7,255.05,218.8,255.0,5330,216.76473429951687
1h,2026-06-01 13:15:00+05:30,255.0,277.15,237.3,276.4,8450,229.58736842105264
1h,2026-06-01 14:15:00+05:30,276.4,296.8,261.7,269.5,31135,252.8909853249476
1h,2026-06-01 15:15:00+05:30,269.5,282.0,269.5,280.0,9685,256.17029313992145
1h,2026-06-02 09:15:00+05:30,345.0,356.75,294.3,306.6,12025,319.21666666666664
1h,2026-06-02 10:15:00+05:30,306.6,322.2,264.65,310.45,3575,314.6065972222222
1h,2026-06-02 11:15:00+05:30,310.45,310.8,269.7,307.4,2210,312.29361313868606
1h,2026-06-02 12:15:00+05:30,307.4,315.65,202.05,213.9,19435,276.5874054682955
1h,2026-06-02 13:15:00+05:30,213.9,214.0,179.55,182.25,15145,252.11544665012406
1h,2026-06-02 14:15:00+05:30,182.25,224.7,173.95,184.75,35685,228.7581180811808
1h,2026-06-02 15:15:00+05:30,184.75,189.75,177.75,185.0,4290,226.68701618578467
1h,2026-06-03 09:15:00+05:30,246.05,370.65,242.8,365.95,50245,326.4666666666667
1h,2026-06-03 10:15:00+05:30,365.95,388.9,338.05,380.0,6695,331.46577245053277
1h,2026-06-03 11:15:00+05:30,380.0,421.95,365.0,407.3,7475,339.19636730575183
1h,2026-06-03 12:15:00+05:30,407.3,407.3,279.55,314.6,25350,337.67711803041277
1h,2026-06-03 13:15:00+05:30,303.0,306.1,233.85,251.3,47125,312.22737416904084
1h,2026-06-03 14:15:00+05:30,251.05,255.4,219.2,240.35,87880,283.3299546944284
1h,2026-06-03 15:15:00+05:30,240.35,250.0,232.7,250.0,22165,279.82062384838116
1h,2026-06-04 09:15:00+05:30,320.0,338.55,239.0,245.15,110370,274.2333333333333
1h,2026-06-04 10:15:00+05:30,245.15,271.55,233.45,255.0,87880,264.96880874316935
1h,2026-06-04 11:15:00+05:30,255.0,278.2,219.15,232.3,120900,256.7286897488119
1h,2026-06-04 12:15:00+05:30,232.3,294.05,228.5,294.05,68185,259.4522011523186
1h,2026-06-04 13:15:00+05:30,294.05,309.6,232.15,240.5,137345,259.7919247604889
1h,2026-06-04 14:15:00+05:30,240.5,246.1,199.85,220.25,203710,249.24124129930394
1h,2026-06-04 15:15:00+05:30,220.25,225.3,204.55,207.85,48490,246.95214887327086
1h,2026-06-05 09:15:00+05:30,199.95,226.95,184.95,202.7,357110,204.86666666666665
1h,2026-06-05 10:15:00+05:30,202.7,286.25,188.3,206.5,420680,216.84684383531115
1h,2026-06-05 11:15:00+05:30,206.5,241.35,203.6,213.0,199810,217.35164671985814
1h,2026-06-05 12:15:00+05:30,213.0,272.0,206.15,268.4,177580,222.19372983719708
1h,2026-06-05 13:15:00+05:30,268.4,311.85,260.15,286.8,91715,226.90659611809065
1h,2026-06-05 14:15:00+05:30,286.8,292.05,208.1,243.0,185640,229.60334104693192
1h,2026-06-05 15:15:00+05:30,243.0,247.55,227.0,246.6,64025,230.06452469886494
1h,2026-06-08 09:15:00+05:30,399.0,426.0,350.4,369.55,165360,381.98333333333335
1h,2026-06-08 10:15:00+05:30,369.55,375.15,338.0,356.9,19305,379.33845476944737
1h,2026-06-08 11:15:00+05:30,356.9,367.1,330.25,338.3,20800,375.88417694822317
1h,2026-06-08 12:15:00+05:30,338.3,339.6,298.1,330.85,32630,368.6160478660479
1h,2026-06-08 13:15:00+05:30,330.85,381.75,320.75,379.4,26845,367.80720068694797
1h,2026-06-08 14:15:00+05:30,380.45,411.2,345.05,390.8,59215,370.4638058953279
1h,2026-06-08 15:15:00+05:30,390.8,414.3,388.15,413.95,11635,371.67664214737385
1h,2026-06-09 09:15:00+05:30,345.2,345.2,292.9,339.9,130390,325.99999999999994
1h,2026-06-09 10:15:00+05:30,339.9,371.6,331.9,361.65,31655,331.6748295226634
1h,2026-06-09 11:15:00+05:30,361.65,388.0,318.75,329.85,55315,335.2016198165869
1h,2026-06-09 12:15:00+05:30,329.85,334.0,300.0,308.75,60060,330.6657021243361
1h,2026-06-09 13:15:00+05:30,308.75,327.0,292.3,304.55,57915,326.7425211604316
1h,2026-06-09 14:15:00+05:30,304.55,311.45,247.55,250.75,135655,310.3754830251173
1h,2026-06-09 15:15:00+05:30,250.75,254.45,244.8,248.4,47385,304.78491536050154
1h,2026-06-10 09:15:00+05:30,299.65,317.45,215.0,246.65,2924350,259.7
1h,2026-06-10 10:15:00+05:30,246.65,253.15,203.6,213.8,2618005,242.60832189866338
1h,2026-06-10 11:15:00+05:30,213.8,221.5,192.0,201.0,3665805,227.56994919904372
1h,2026-06-10 12:15:00+05:30,201.0,234.7,178.7,189.0,6151795,216.84835270784754
1h,2026-06-10 13:15:00+05:30,189.0,250.9,186.25,249.85,6695975,220.53747968989137
1h,2026-06-10 14:15:00+05:30,249.85,316.0,237.85,314.2,3201250,229.25920082593012
1h,2026-06-10 15:15:00+05:30,314.2,318.0,295.15,310.0,425295,230.55843572968206
1h,2026-06-11 09:15:00+05:30,377.35,414.4,335.0,352.0,494845,367.1333333333333
1h,2026-06-11 10:15:00+05:30,352.0,352.0,300.05,319.65,314730,350.3259627994113
1h,2026-06-11 11:15:00+05:30,319.65,321.7,241.15,248.45,678925,313.8858529839884
1h,2026-06-11 12:15:00+05:30,248.45,256.2,214.3,253.4,1216475,281.24271376506874
1h,2026-06-11 13:15:00+05:30,253.4,292.25,245.5,278.2,1052155,278.649696377288
1h,2026-06-11 14:15:00+05:30,278.2,348.45,250.6,324.35,987025,284.71443887267594
1h,2026-06-11 15:15:00+05:30,324.35,334.4,299.7,302.4,143975,285.5230168967137
1h,2026-06-12 09:15:00+05:30,175.0,198.6,133.2,186.75,40622335,172.85
1h,2026-06-12 10:15:00+05:30,186.75,198.95,169.05,169.9,9453925,174.0676990903474
1h,2026-06-12 11:15:00+05:30,169.75,192.5,159.95,188.3,10031450,175.0994709289374
1h,2026-06-12 12:15:00+05:30,187.4,214.0,171.95,186.95,9852375,177.33402456915255
1h,2026-06-12 13:15:00+05:30,186.95,198.05,94.05,97.15,38776140,160.3652103726242
1h,2026-06-12 14:15:00+05:30,97.15,99.6,56.75,62.95,31953675,140.545421098103
1h,2026-06-12 15:15:00+05:30,62.95,66.7,53.9,55.15,8560760,135.84421734829627
