tf,date,open,high,low,close,volume,vwap
5m,2026-06-02 09:15:00+05:30,102.7,123.1,93.85,95.15,161915,104.03333333333335
5m,2026-06-02 09:20:00+05:30,95.15,100.85,93.0,95.55,73775,101.66483728626586
5m,2026-06-02 09:25:00+05:30,95.55,98.6,90.6,95.7,41535,100.66128956623682
5m,2026-06-02 09:30:00+05:30,95.7,99.5,90.65,91.45,59670,99.45784294809955
5m,2026-06-02 09:35:00+05:30,91.45,92.4,84.85,87.2,50115,97.99355895196507
5m,2026-06-02 09:40:00+05:30,87.2,95.65,85.05,86.7,45305,97.0650403448103
5m,2026-06-02 09:45:00+05:30,86.7,93.65,86.0,89.85,39845,96.45476551027899
5m,2026-06-02 09:50:00+05:30,89.85,90.8,80.45,81.55,40365,95.49486577890508
5m,2026-06-02 09:55:00+05:30,81.55,82.9,77.3,79.05,63245,93.76538345751486
5m,2026-06-02 10:00:00+05:30,79.05,80.8,77.5,77.75,57395,92.39822913458576
5m,2026-06-02 10:05:00+05:30,77.75,84.25,76.75,82.6,46410,91.63347202295552
5m,2026-06-02 10:10:00+05:30,82.6,87.25,82.55,86.85,19175,91.46653023255813
5m,2026-06-02 10:15:00+05:30,86.85,92.1,77.65,79.0,50700,90.88813529921943
5m,2026-06-02 10:20:00+05:30,79.0,79.7,65.4,67.5,83005,88.8917727284558
5m,2026-06-02 10:25:00+05:30,67.6,69.25,62.7,65.95,62140,87.29935818256679
5m,2026-06-02 10:30:00+05:30,65.95,72.2,64.95,70.45,45890,86.41621858225633
5m,2026-06-02 10:35:00+05:30,70.45,73.1,69.1,69.1,36985,85.81146650707097
5m,2026-06-02 10:40:00+05:30,69.1,70.55,66.25,68.6,23725,85.4004522928434
5m,2026-06-02 10:45:00+05:30,68.6,74.35,68.6,73.3,26715,85.05434530584715
5m,2026-06-02 10:50:00+05:30,73.3,82.5,72.3,80.7,73905,84.61470808015261
5m,2026-06-02 10:55:00+05:30,80.7,86.55,78.2,81.15,56160,84.48628215922912
5m,2026-06-02 11:00:00+05:30,81.15,83.0,76.65,80.85,31980,84.37019264033795
5m,2026-06-02 11:05:00+05:30,80.85,84.0,78.25,82.7,53755,84.25262185986551
5m,2026-06-02 11:10:00+05:30,82.7,83.8,75.3,77.45,52195,84.0350211499557
5m,2026-06-02 11:15:00+05:30,77.45,83.0,76.9,78.0,27950,83.93505261779677
5m,2026-06-02 11:20:00+05:30,78.0,78.0,65.3,65.65,67925,83.23787907092597
5m,2026-06-02 11:25:00+05:30,65.65,73.6,65.05,69.9,39910,82.8553845455371
5m,2026-06-02 11:30:00+05:30,69.9,72.95,69.55,72.15,19045,82.70696939827054
5m,2026-06-02 11:35:00+05:30,72.15,82.5,71.65,82.35,59215,82.55505883197016
5m,2026-06-02 11:40:00+05:30,82.35,82.4,76.75,80.75,37505,82.49232508645916
5m,2026-06-02 11:45:00+05:30,80.75,83.15,77.3,79.25,37375,82.43119035900801
5m,2026-06-02 11:50:00+05:30,79.25,80.9,77.25,80.9,56355,82.33683446209092
5m,2026-06-02 11:55:00+05:30,80.9,84.2,78.1,83.2,29445,82.32796021061915
5m,2026-06-02 12:00:00+05:30,83.2,86.0,78.4,82.0,41925,82.3231955567364
5m,2026-06-02 12:05:00+05:30,82.0,84.95,77.65,78.15,65650,82.24665472578621
5m,2026-06-02 12:10:00+05:30,78.15,85.0,78.15,83.0,40625,82.24226228766112
5m,2026-06-02 12:15:00+05:30,83.0,84.05,80.4,82.25,18395,82.24217288755234
5m,2026-06-02 12:20:00+05:30,82.25,83.45,80.7,82.9,32370,82.24403979649782
5m,2026-06-02 12:25:00+05:30,82.9,85.25,80.65,84.0,23465,82.2571287140045
5m,2026-06-02 12:30:00+05:30,84.0,85.15,62.75,68.8,144105,81.54806536698467
5m,2026-06-02 12:35:00+05:30,68.8,71.15,66.0,66.8,83330,81.01500628391013
5m,2026-06-02 12:40:00+05:30,66.8,67.9,58.55,59.25,112125,80.05502649353674
5m,2026-06-02 12:45:00+05:30,59.35,59.35,48.15,49.45,163605,78.16115828021158
5m,2026-06-02 12:50:00+05:30,49.45,51.35,46.05,49.35,99450,76.99579632764683
5m,2026-06-02 12:55:00+05:30,49.05,50.15,44.5,46.2,65845,76.22345589727973
5m,2026-06-02 13:00:00+05:30,46.2,49.5,45.95,47.55,31785,75.87344787828658
5m,2026-06-02 13:05:00+05:30,47.55,48.45,45.15,47.85,28275,75.56365169096499
5m,2026-06-02 13:10:00+05:30,47.85,48.15,40.65,43.95,63765,74.8200917386779
5m,2026-06-02 13:15:00+05:30,43.95,44.8,42.5,44.0,58045,74.1630593596487
5m,2026-06-02 13:20:00+05:30,44.0,44.9,41.0,41.0,76765,73.2957425803428
5m,2026-06-02 13:25:00+05:30,41.0,42.4,38.3,38.45,59410,72.6029529055025
5m,2026-06-02 13:30:00+05:30,38.45,38.45,35.8,36.6,112515,71.2622494496582
5m,2026-06-02 13:35:00+05:30,36.6,38.0,35.65,36.5,65260,70.52486180797686
5m,2026-06-02 13:40:00+05:30,36.55,38.65,36.55,38.65,42185,70.08151305441962
5m,2026-06-02 13:45:00+05:30,38.65,38.65,34.6,35.3,35685,69.69568354272918
5m,2026-06-02 13:50:00+05:30,35.3,37.0,34.35,35.9,31915,69.35361416110825
5m,2026-06-02 13:55:00+05:30,35.9,37.15,35.35,36.0,32110,69.02052425553816
5m,2026-06-02 14:00:00+05:30,36.0,36.1,34.0,34.7,48165,68.51494762476646
5m,2026-06-02 14:05:00+05:30,34.7,35.5,32.25,32.9,49595,67.98898790160938
5m,2026-06-02 14:10:00+05:30,32.9,33.9,32.75,33.55,54470,67.42682712385975
5m,2026-06-02 14:15:00+05:30,33.3,36.1,32.8,35.6,50440,66.94356382673824
5m,2026-06-02 14:20:00+05:30,35.6,35.7,30.3,32.1,67080,66.28139369296782
5m,2026-06-02 14:25:00+05:30,32.1,34.5,31.9,33.85,69940,65.63188600116324
5m,2026-06-02 14:30:00+05:30,33.65,35.05,33.35,34.25,70200,65.0208380609335
5m,2026-06-02 14:35:00+05:30,34.3,38.05,34.2,38.0,83720,64.37991363479014
5m,2026-06-02 14:40:00+05:30,38.0,44.7,37.9,43.2,147615,63.517138875724946
5m,2026-06-02 14:45:00+05:30,43.2,47.9,41.1,41.1,96590,63.02277530130427
5m,2026-06-02 14:50:00+05:30,40.5,41.35,38.15,40.1,46215,62.75411138852172
5m,2026-06-02 14:55:00+05:30,40.1,43.65,40.0,43.3,41730,62.542221791579856
5m,2026-06-02 15:00:00+05:30,43.3,45.15,35.55,37.0,91715,62.02292975863411
5m,2026-06-02 15:05:00+05:30,37.0,37.0,32.2,32.6,128310,61.173893448480015
5m,2026-06-02 15:10:00+05:30,32.6,34.45,31.6,34.25,128700,60.35760660642808
5m,2026-06-02 15:15:00+05:30,34.3,35.15,30.4,31.45,268710,58.73552453492387
5m,2026-06-02 15:20:00+05:30,31.45,32.1,30.75,31.95,104910,58.13586496157146
5m,2026-06-02 15:25:00+05:30,31.95,33.0,31.5,32.15,188175,57.14765093747393
5m,2026-06-03 09:15:00+05:30,37.9,89.9,37.9,88.05,2077660,71.95
5m,2026-06-03 09:20:00+05:30,88.05,97.3,87.35,91.75,1243840,79.50828310502283
5m,2026-06-03 09:25:00+05:30,91.75,104.7,90.05,96.1,1252550,84.28449291838378
5m,2026-06-03 09:30:00+05:30,96.1,109.35,92.85,109.0,1243905,88.44274265327479
5m,2026-06-03 09:35:00+05:30,109.0,111.0,98.85,101.4,954135,90.5994165882812
5m,2026-06-03 09:40:00+05:30,101.4,108.1,100.3,102.75,569140,91.61635131306332
5m,2026-06-03 09:45:00+05:30,102.75,108.6,98.2,100.95,603980,92.45004076879863
5m,2026-06-03 09:50:00+05:30,100.95,110.7,91.35,110.4,1152125,93.93177311450732
5m,2026-06-03 09:55:00+05:30,110.4,116.9,99.85,105.8,1475890,95.82805438580311
5m,2026-06-03 10:00:00+05:30,105.8,109.45,95.2,95.2,734760,96.09588643187385
5m,2026-06-03 10:05:00+05:30,95.2,104.5,94.2,104.4,663390,96.3694935070811
5m,2026-06-03 10:10:00+05:30,104.4,115.5,104.4,113.25,877110,97.37166761943786
5m,2026-06-03 10:15:00+05:30,113.25,119.35,101.6,103.15,871845,98.04915277790936
5m,2026-06-03 10:20:00+05:30,103.15,105.3,96.95,104.4,631345,98.23248601644057
5m,2026-06-03 10:25:00+05:30,104.4,107.9,99.95,105.9,645710,98.50592072662444
5m,2026-06-03 10:30:00+05:30,105.85,122.25,102.75,116.85,922870,99.40118763277765
5m,2026-06-03 10:35:00+05:30,116.85,119.15,105.8,110.95,652080,99.89560785590362
5m,2026-06-03 10:40:00+05:30,110.95,113.8,105.0,113.5,443040,100.17866443828987
5m,2026-06-03 10:45:00+05:30,113.5,116.25,107.65,108.35,450450,100.45130303988884
5m,2026-06-03 10:50:00+05:30,108.15,114.85,107.3,107.75,371150,100.64929777891149
5m,2026-06-03 10:55:00+05:30,107.75,117.45,107.5,114.5,473200,100.97236035428388
5m,2026-06-03 11:00:00+05:30,114.5,119.9,109.35,115.7,524355,101.3624270953403
5m,2026-06-03 11:05:00+05:30,115.7,125.65,115.3,122.0,775255,102.13812176336116
5m,2026-06-03 11:10:00+05:30,122.0,124.35,117.6,122.0,466050,102.58334164348994
5m,2026-06-03 11:15:00+05:30,122.0,122.7,111.1,114.0,580905,102.9587676266116
5m,2026-06-03 11:20:00+05:30,114.0,117.85,106.7,112.6,494585,103.17914383614263
5m,2026-06-03 11:25:00+05:30,112.6,120.5,110.65,116.35,430690,103.43167043639498
5m,2026-06-03 11:30:00+05:30,116.35,117.0,108.55,113.0,374335,103.59224404709039
5m,2026-06-03 11:35:00+05:30,113.0,121.75,112.55,118.9,417495,103.85611617419057
5m,2026-06-03 11:40:00+05:30,118.9,123.0,113.2,116.75,406965,104.1025353283458
5m,2026-06-03 11:45:00+05:30,116.75,116.8,112.45,114.95,199355,104.1947584580006
5m,2026-06-03 11:50:00+05:30,114.95,118.45,111.7,115.7,275600,104.32616721774863
5m,2026-06-03 11:55:00+05:30,115.7,126.3,115.25,124.7,557700,104.74203158451179
5m,2026-06-03 12:00:00+05:30,124.7,149.0,120.8,139.95,1415635,106.52868513938267
5m,2026-06-03 12:05:00+05:30,139.95,141.8,129.45,132.3,622310,107.20242791721353
5m,2026-06-03 12:10:00+05:30,132.3,138.5,129.9,133.5,408200,107.61847226278938
5m,2026-06-03 12:15:00+05:30,133.65,136.9,129.6,132.65,300820,107.90650646155451
5m,2026-06-03 12:20:00+05:30,132.65,133.3,124.2,128.4,509600,108.29669409614002
5m,2026-06-03 12:25:00+05:30,128.4,129.1,103.75,107.45,852735,108.45356223079386
5m,2026-06-03 12:30:00+05:30,107.45,107.45,82.35,83.2,1090830,107.79735712114727
5m,2026-06-03 12:35:00+05:30,83.1,85.25,72.05,73.5,1249105,106.52343224222116
5m,2026-06-03 12:40:00+05:30,73.5,76.2,69.1,75.35,601575,105.88074769832328
5m,2026-06-03 12:45:00+05:30,75.15,82.0,73.0,78.75,675285,105.28201631274078
5m,2026-06-03 12:50:00+05:30,78.75,88.45,75.7,87.5,840320,104.72667944054558
5m,2026-06-03 12:55:00+05:30,87.5,90.2,83.15,88.1,1223105,104.08691114296343
5m,2026-06-03 13:00:00+05:30,88.1,88.5,80.0,82.6,554840,103.7557579217451
5m,2026-06-03 13:05:00+05:30,82.6,88.35,81.65,85.85,388440,103.5480530191421
5m,2026-06-03 13:10:00+05:30,85.85,89.15,80.4,80.4,701740,103.14527354101315
5m,2026-06-03 13:15:00+05:30,78.85,83.35,76.35,80.75,503100,102.82167732997343
5m,2026-06-03 13:20:00+05:30,80.75,80.75,71.95,73.4,354120,102.55239862097521
5m,2026-06-03 13:25:00+05:30,73.4,75.65,70.95,73.45,300300,102.31151539498468
5m,2026-06-03 13:30:00+05:30,73.45,79.05,72.4,74.6,380445,102.03267610586317
5m,2026-06-03 13:35:00+05:30,74.6,77.2,71.15,76.0,334360,101.78722865834794
5m,2026-06-03 13:40:00+05:30,76.0,79.1,70.55,77.75,327340,101.56006741095862
5m,2026-06-03 13:45:00+05:30,77.75,77.75,49.9,59.85,1528995,100.02780066184043
5m,2026-06-03 13:50:00+05:30,59.85,66.3,59.25,62.65,559000,99.50048925234131
5m,2026-06-03 13:55:00+05:30,62.65,70.85,62.65,65.75,482365,99.10170705137992
5m,2026-06-03 14:00:00+05:30,65.75,66.3,57.05,57.35,384800,98.73152134392565
5m,2026-06-03 14:05:00+05:30,57.35,61.9,56.2,59.2,334945,98.40567193470923
5m,2026-06-03 14:10:00+05:30,59.2,60.0,57.0,57.45,232700,98.17703180155952
5m,2026-06-03 14:15:00+05:30,57.2,58.35,54.5,55.7,318240,97.85335801804439
5m,2026-06-03 14:20:00+05:30,55.7,57.25,52.15,54.0,449085,97.38653148944121
5m,2026-06-03 14:25:00+05:30,54.0,56.8,54.0,54.95,213915,97.17167409604112
5m,2026-06-03 14:30:00+05:30,54.95,56.5,53.25,55.0,309530,96.86218978128385
5m,2026-06-03 14:35:00+05:30,55.0,59.85,55.0,56.1,314080,96.56800174553375
5m,2026-06-03 14:40:00+05:30,56.1,56.95,51.65,52.25,274365,96.29298591580631
5m,2026-06-03 14:45:00+05:30,52.45,55.15,50.4,54.0,241280,96.05160130610504
5m,2026-06-03 14:50:00+05:30,54.0,55.1,49.9,51.55,254930,95.79359910625918
5m,2026-06-03 14:55:00+05:30,51.55,54.4,49.05,50.65,318500,95.46953698741613
5m,2026-06-03 15:00:00+05:30,50.5,56.5,47.6,48.8,719940,94.74767435616555
5m,2026-06-03 15:05:00+05:30,48.8,55.85,44.6,54.95,632580,94.14417149892381
5m,2026-06-03 15:10:00+05:30,54.8,58.05,52.45,53.35,629200,93.59931235119217
5m,2026-06-03 15:15:00+05:30,53.2,56.6,51.95,55.2,503945,93.17326945079418
5m,2026-06-03 15:20:00+05:30,55.2,56.35,49.4,53.0,417885,92.81202034160117
5m,2026-06-03 15:25:00+05:30,53.0,55.4,51.4,51.45,416390,92.45697811582893
5m,2026-06-04 09:15:00+05:30,78.0,85.65,61.7,63.85,1724905,70.4
5m,2026-06-04 09:20:00+05:30,63.85,69.85,60.75,64.6,565370,69.08343030131026
5m,2026-06-04 09:25:00+05:30,64.6,68.0,60.0,63.9,434200,68.2679708934749
5m,2026-06-04 09:30:00+05:30,63.9,71.1,63.05,65.1,597285,67.93508825140889
5m,2026-06-04 09:35:00+05:30,65.1,67.0,55.9,66.8,674050,67.14195296656581
5m,2026-06-04 09:40:00+05:30,66.8,70.9,57.1,57.5,580840,66.4682159257681
5m,2026-06-04 09:45:00+05:30,57.5,58.65,50.5,51.7,1054365,64.06186045795769
5m,2026-06-04 09:50:00+05:30,51.7,55.8,50.45,50.95,482950,63.1406750229461
5m,2026-06-04 09:55:00+05:30,50.95,52.15,44.0,49.35,995735,61.09020418114219
5m,2026-06-04 10:00:00+05:30,49.35,50.9,45.45,47.5,758680,59.82320765731531
5m,2026-06-04 10:05:00+05:30,47.5,47.75,44.2,45.45,563225,58.88646772075621
5m,2026-06-04 10:10:00+05:30,45.45,46.5,44.05,45.05,349180,58.34220649596438
5m,2026-06-04 10:15:00+05:30,45.05,46.9,42.6,43.8,412360,57.71832174952097
5m,2026-06-04 10:20:00+05:30,43.8,45.7,43.3,43.65,132145,57.52699513008889
5m,2026-06-04 10:25:00+05:30,43.65,47.2,43.3,46.85,225485,57.24973809280747
5m,2026-06-04 10:30:00+05:30,46.85,51.5,46.1,51.2,454545,56.9022079586993
5m,2026-06-04 10:35:00+05:30,51.2,53.55,48.8,51.8,420745,56.67949316608583
5m,2026-06-04 10:40:00+05:30,51.8,51.8,46.2,46.5,362245,56.39365332321126
5m,2026-06-04 10:45:00+05:30,46.5,47.15,40.8,45.15,368355,55.99656327256696
5m,2026-06-04 10:50:00+05:30,45.15,47.95,44.25,45.75,220480,55.80251485910276
5m,2026-06-04 10:55:00+05:30,45.75,46.3,43.25,44.95,118690,55.689262350233804
5m,2026-06-04 11:00:00+05:30,44.95,51.55,43.7,49.25,327275,55.48102970228082
5m,2026-06-04 11:05:00+05:30,49.25,53.55,48.3,51.05,423735,55.32483489285064
5m,2026-06-04 11:10:00+05:30,51.05,51.8,46.6,47.15,197665,55.216695916512585
5m,2026-06-04 11:15:00+05:30,47.15,51.1,46.9,50.9,143390,55.153095287273224
5m,2026-06-04 11:20:00+05:30,50.9,51.3,48.05,49.7,163215,55.08308202197742
5m,2026-06-04 11:25:00+05:30,49.7,50.9,45.05,47.15,361855,54.87934441371151
5m,2026-06-04 11:30:00+05:30,47.15,54.0,44.45,44.6,413140,54.659550251328724
5m,2026-06-04 11:35:00+05:30,44.6,46.1,37.5,39.0,443690,54.221479232582666
5m,2026-06-04 11:40:00+05:30,39.0,40.3,37.0,40.25,511160,53.69065125861821
5m,2026-06-04 11:45:00+05:30,40.25,41.75,38.95,40.55,200850,53.50906058244862
5m,2026-06-04 11:50:00+05:30,40.55,46.9,39.85,46.15,277030,53.33851353112942
5m,2026-06-04 11:55:00+05:30,46.15,47.35,41.35,42.2,263055,53.1707948484732
5m,2026-06-04 12:00:00+05:30,42.2,43.05,38.25,40.45,210470,52.99912427010809
5m,2026-06-04 12:05:00+05:30,40.45,42.0,39.05,40.1,98410,52.919184924770335
5m,2026-06-04 12:10:00+05:30,40.1,41.35,39.0,39.9,133510,52.809782258388005
5m,2026-06-04 12:15:00+05:30,39.9,41.2,38.7,40.65,110825,52.72107757093294
5m,2026-06-04 12:20:00+05:30,40.85,42.5,39.25,41.35,128375,52.62673257884461
5m,2026-06-04 12:25:00+05:30,41.35,42.8,39.9,41.05,167375,52.50824603765241
5m,2026-06-04 12:30:00+05:30,41.05,47.8,40.8,47.15,343980,52.356146384409875
5m,2026-06-04 12:35:00+05:30,47.15,50.15,45.2,45.2,397345,52.226012214751776
5m,2026-06-04 12:40:00+05:30,45.25,49.75,44.45,48.95,185770,52.176729749745384
5m,2026-06-04 12:45:00+05:30,48.95,49.75,45.05,47.0,172120,52.127509227536855
5m,2026-06-04 12:50:00+05:30,47.0,49.0,44.5,44.95,156715,52.073444662860226
5m,2026-06-04 12:55:00+05:30,45.1,45.55,41.3,41.6,209170,51.963029250560936
5m,2026-06-04 13:00:00+05:30,41.6,44.6,41.0,43.35,158665,51.88250968867664
5m,2026-06-04 13:05:00+05:30,43.35,49.0,42.6,43.9,327860,51.76033695316341
5m,2026-06-04 13:10:00+05:30,43.9,59.55,43.25,59.15,965770,51.87340175106489
5m,2026-06-04 13:15:00+05:30,60.0,65.1,52.6,53.5,1214720,52.18565094992198
5m,2026-06-04 13:20:00+05:30,53.5,56.5,49.45,50.65,600080,52.186064859223805
5m,2026-06-04 13:25:00+05:30,50.65,52.0,47.25,49.55,321295,52.146731591741286
5m,2026-06-04 13:30:00+05:30,49.55,52.95,48.15,48.3,311415,52.112638690524925
5m,2026-06-04 13:35:00+05:30,48.3,50.05,45.25,45.7,318760,52.03772532381194
5m,2026-06-04 13:40:00+05:30,45.7,51.75,45.3,48.35,389610,51.974895135890385
5m,2026-06-04 13:45:00+05:30,48.25,50.1,44.35,45.8,296075,51.90595813274475
5m,2026-06-04 13:50:00+05:30,45.8,51.0,44.85,45.5,634400,51.774284119356004
5m,2026-06-04 13:55:00+05:30,45.5,49.9,43.4,43.85,679575,51.60098390381877
5m,2026-06-04 14:00:00+05:30,43.65,44.0,34.9,36.35,1132820,51.00085310251943
5m,2026-06-04 14:05:00+05:30,36.35,37.4,33.95,34.2,422500,50.73680597467235
5m,2026-06-04 14:10:00+05:30,34.1,36.15,32.55,35.85,469820,50.44727398797291
5m,2026-06-04 14:15:00+05:30,35.85,35.85,33.1,35.6,320125,50.25596431150847
5m,2026-06-04 14:20:00+05:30,35.6,37.85,34.7,36.0,333450,50.07843862194461
5m,2026-06-04 14:25:00+05:30,36.0,36.4,33.55,34.9,260520,49.930789469839375
5m,2026-06-04 14:30:00+05:30,34.9,35.65,30.35,32.75,599820,49.55687229694971
5m,2026-06-04 14:35:00+05:30,32.75,32.85,29.7,30.75,490425,49.231079727962445
5m,2026-06-04 14:40:00+05:30,30.6,32.7,30.35,32.05,390325,48.988202567332486
5m,2026-06-04 14:45:00+05:30,32.05,33.65,28.45,32.35,772070,48.521300184435
5m,2026-06-04 14:50:00+05:30,32.35,35.45,31.55,35.2,508755,48.27163414255586
5m,2026-06-04 14:55:00+05:30,35.2,35.2,32.75,33.35,340665,48.10579238584733
5m,2026-06-04 15:00:00+05:30,33.35,36.55,31.7,33.95,595335,47.8307756444395
5m,2026-06-04 15:05:00+05:30,34.0,34.6,31.95,32.1,645450,47.51991908229507
5m,2026-06-04 15:10:00+05:30,32.1,32.45,29.45,29.7,434395,47.28545028130963
5m,2026-06-04 15:15:00+05:30,29.7,31.05,28.1,30.2,579605,46.96893762552873
5m,2026-06-04 15:20:00+05:30,30.55,31.45,27.35,28.05,456300,46.716002834094176
5m,2026-06-04 15:25:00+05:30,28.05,28.45,25.4,25.9,524355,46.39640332199849
5m,2026-06-05 09:15:00+05:30,27.0,32.45,18.25,31.8,2166775,27.5
5m,2026-06-05 09:20:00+05:30,31.8,33.0,28.8,31.2,1178905,28.73328217283183
5m,2026-06-05 09:25:00+05:30,31.2,33.1,29.4,29.75,783120,29.115798173803526
5m,2026-06-05 09:30:00+05:30,29.75,30.35,27.0,29.1,801710,29.06715884022816
5m,2026-06-05 09:35:00+05:30,29.1,30.0,25.65,27.3,697385,28.891550496825783
5m,2026-06-05 09:40:00+05:30,27.3,29.15,25.05,25.65,644280,28.657873637666892
5m,2026-06-05 09:45:00+05:30,25.65,29.65,25.4,29.5,682890,28.61128042417049
5m,2026-06-05 09:50:00+05:30,29.5,30.6,26.95,27.55,627900,28.591025421234747
5m,2026-06-05 09:55:00+05:30,27.55,30.55,26.85,29.8,556205,28.623529231686607
5m,2026-06-05 10:00:00+05:30,29.8,32.3,23.0,25.7,2595645,28.230964894752884
5m,2026-06-05 10:05:00+05:30,25.7,28.95,21.75,22.45,1452945,27.772275435901815
5m,2026-06-05 10:10:00+05:30,22.45,23.55,20.45,23.15,1222715,27.28093263537148
5m,2026-06-05 10:15:00+05:30,23.15,26.45,22.45,23.0,840970,27.085359607394203
5m,2026-06-05 10:20:00+05:30,23.0,25.45,21.7,22.1,629070,26.91617496101446
5m,2026-06-05 10:25:00+05:30,22.1,24.65,21.6,24.1,953680,26.70741021251791
5m,2026-06-05 10:30:00+05:30,24.1,27.95,23.6,27.95,879515,26.69649579596631
5m,2026-06-05 10:35:00+05:30,27.95,39.7,26.75,37.65,3307590,28.018703168625414
5m,2026-06-05 10:40:00+05:30,37.65,45.55,36.95,40.35,2464540,29.43602617247121
5m,2026-06-05 10:45:00+05:30,40.35,49.5,39.2,39.85,2237105,30.649816354807246
5m,2026-06-05 10:50:00+05:30,39.7,40.1,34.6,36.4,998985,30.897738563941353
5m,2026-06-05 10:55:00+05:30,36.4,36.95,33.05,33.45,739895,30.997994825249833
5m,2026-06-05 11:00:00+05:30,33.45,33.55,24.35,24.45,1787760,30.77346185498536
5m,2026-06-05 11:05:00+05:30,24.45,25.25,20.55,22.1,1820130,30.28073712759388
5m,2026-06-05 11:10:00+05:30,22.1,24.85,21.25,24.5,964730,30.070988802388225
5m,2026-06-05 11:15:00+05:30,24.5,28.95,23.6,27.2,1184430,29.942775642642186
5m,2026-06-05 11:20:00+05:30,27.4,32.9,27.2,28.95,2128295,29.926699506829816
5m,2026-06-05 11:25:00+05:30,28.95,30.6,27.0,27.7,836160,29.89120846434945
5m,2026-06-05 11:30:00+05:30,27.7,28.2,25.1,26.7,829010,29.81697898090858
5m,2026-06-05 11:35:00+05:30,26.7,30.4,26.3,28.1,854750,29.781035556824975
5m,2026-06-05 11:40:00+05:30,28.1,29.15,24.35,27.15,802815,29.719280189760674
5m,2026-06-05 11:45:00+05:30,27.15,27.4,24.75,25.85,451555,29.675224700645423
5m,2026-06-05 11:50:00+05:30,25.9,29.85,25.85,29.65,633490,29.655197127506717
5m,2026-06-05 11:55:00+05:30,29.65,31.25,28.65,30.75,922935,29.668257296644377
5m,2026-06-05 12:00:00+05:30,30.75,30.75,25.85,25.9,808080,29.624979944696058
5m,2026-06-05 12:05:00+05:30,25.9,26.8,24.35,25.5,566995,29.568699149017917
5m,2026-06-05 12:10:00+05:30,25.5,27.55,23.5,23.8,669045,29.494634693770507
5m,2026-06-05 12:15:00+05:30,23.8,25.45,22.95,24.55,453050,29.439012278703604
5m,2026-06-05 12:20:00+05:30,24.55,25.05,22.7,22.85,428675,29.37958985437816
5m,2026-06-05 12:25:00+05:30,22.85,24.6,22.3,24.3,378235,29.3299036235314
5m,2026-06-05 12:30:00+05:30,24.3,28.85,23.55,27.45,1222455,29.254870174747225
5m,2026-06-05 12:35:00+05:30,27.45,32.55,26.5,28.8,1412515,29.255751528096596
5m,2026-06-05 12:40:00+05:30,28.8,35.15,28.05,32.1,1739335,29.347974217564005
5m,2026-06-05 12:45:00+05:30,32.1,34.1,29.85,32.55,1160575,29.415400365927887
5m,2026-06-05 12:50:00+05:30,32.55,36.95,31.4,33.5,1612715,29.561282692620214
5m,2026-06-05 12:55:00+05:30,33.5,35.3,31.85,33.15,924885,29.63142744802468
5m,2026-06-05 13:00:00+05:30,33.15,35.45,32.3,32.45,935610,29.699246460052148
5m,2026-06-05 13:05:00+05:30,32.45,38.95,32.3,37.05,1273675,29.852305206876547
5m,2026-06-05 13:10:00+05:30,37.05,40.75,35.2,40.2,1450280,30.087268905167065
5m,2026-06-05 13:15:00+05:30,40.75,43.05,35.95,36.95,1044485,30.247668574985745
5m,2026-06-05 13:20:00+05:30,36.95,46.45,36.1,42.95,1288235,30.50929722293752
5m,2026-06-05 13:25:00+05:30,42.4,46.1,38.85,45.85,1770990,30.90345571311956
5m,2026-06-05 13:30:00+05:30,45.85,52.8,43.05,48.35,2118740,31.500214723664612
5m,2026-06-05 13:35:00+05:30,48.35,49.45,44.4,44.9,1132300,31.76929021137203
5m,2026-06-05 13:40:00+05:30,44.85,58.0,44.55,50.95,2242890,32.445780111379506
5m,2026-06-05 13:45:00+05:30,51.0,52.25,44.35,45.25,1354340,32.75179989164355
5m,2026-06-05 13:50:00+05:30,45.25,48.4,44.3,47.45,960895,32.95320163299444
5m,2026-06-05 13:55:00+05:30,47.45,47.8,41.6,41.6,1150500,33.13505936505714
5m,2026-06-05 14:00:00+05:30,41.6,44.35,39.45,41.95,1331395,33.30423885358705
5m,2026-06-05 14:05:00+05:30,41.95,42.7,39.15,41.8,705510,33.384198084661456
5m,2026-06-05 14:10:00+05:30,41.8,45.8,40.15,43.45,1096095,33.53489502983236
5m,2026-06-05 14:15:00+05:30,43.5,47.15,42.95,43.6,1039285,33.694244680575544
5m,2026-06-05 14:20:00+05:30,43.6,47.3,39.5,40.4,1288235,33.84737656909583
5m,2026-06-05 14:25:00+05:30,40.4,40.55,33.35,34.1,1389765,33.88746412244501
5m,2026-06-05 14:30:00+05:30,34.1,36.3,29.65,36.1,1361555,33.88977913973987
5m,2026-06-05 14:35:00+05:30,36.1,41.6,34.45,38.35,1950390,33.995971422876536
5m,2026-06-05 14:40:00+05:30,38.35,38.4,21.55,22.65,3265990,33.736052032163705
5m,2026-06-05 14:45:00+05:30,22.55,27.75,19.35,26.35,3270735,33.37780745275344
5m,2026-06-05 14:50:00+05:30,26.35,27.5,23.75,25.5,1579695,33.2347275189164
5m,2026-06-05 14:55:00+05:30,25.5,30.6,24.6,27.6,2285530,33.08894858930032
5m,2026-06-05 15:00:00+05:30,27.6,33.95,25.2,26.75,2903615,32.947161469241436
5m,2026-06-05 15:05:00+05:30,26.75,28.55,25.8,26.3,1028755,32.8795563160207
5m,2026-06-05 15:10:00+05:30,26.3,28.75,25.2,25.85,1166620,32.80115506948062
5m,2026-06-05 15:15:00+05:30,25.8,25.8,20.4,22.75,2466620,32.54865221501936
5m,2026-06-05 15:20:00+05:30,22.55,25.05,21.0,22.2,1566305,32.391197305667134
5m,2026-06-05 15:25:00+05:30,22.0,24.4,21.1,23.35,1405495,32.25699733436759
5m,2026-06-08 09:15:00+05:30,79.9,102.85,65.1,78.4,11091535,82.11666666666666
5m,2026-06-08 09:20:00+05:30,78.4,87.15,72.7,77.15,6595030,80.95451278508104
5m,2026-06-08 09:25:00+05:30,77.15,80.45,70.9,71.25,2943655,79.99073463184914
5m,2026-06-08 09:30:00+05:30,71.25,73.95,64.4,66.3,3679975,78.20842577911586
5m,2026-06-08 09:35:00+05:30,66.3,77.35,66.15,69.45,4109235,77.16373196377737
5m,2026-06-08 09:40:00+05:30,69.45,75.4,65.35,68.1,3021460,76.43846127606439
5m,2026-06-08 09:45:00+05:30,68.1,78.55,62.2,78.55,3725150,76.08481699247342
5m,2026-06-08 09:50:00+05:30,78.55,80.45,63.05,63.15,4882735,75.2068141992691
5m,2026-06-08 09:55:00+05:30,63.15,64.2,56.25,58.05,3384680,73.9828144073119
5m,2026-06-08 10:00:00+05:30,58.05,66.85,58.05,66.5,3310515,73.26164417214314
5m,2026-06-08 10:05:00+05:30,66.5,69.85,59.3,61.5,3083015,72.66074197713013
5m,2026-06-08 10:10:00+05:30,61.5,65.95,59.4,65.6,1436630,72.40822170038795
5m,2026-06-08 10:15:00+05:30,65.6,67.5,61.0,61.05,1685710,72.1145354906161
5m,2026-06-08 10:20:00+05:30,61.05,65.85,59.6,64.15,1673620,71.84139853529807
5m,2026-06-08 10:25:00+05:30,64.15,69.4,63.05,65.05,2290015,71.5996511471201
5m,2026-06-08 10:30:00+05:30,65.05,65.2,52.55,53.7,3861845,70.6814694592603
5m,2026-06-08 10:35:00+05:30,53.7,58.05,53.45,56.4,1784900,70.26163929055186
5m,2026-06-08 10:40:00+05:30,56.4,61.85,52.1,61.85,2094755,69.88381110650886
5m,2026-06-08 10:45:00+05:30,61.85,63.9,54.1,56.0,2475525,69.44557666493345
5m,2026-06-08 10:50:00+05:30,56.0,59.5,55.0,57.35,1261780,69.22119182282641
5m,2026-06-08 10:55:00+05:30,57.35,61.05,50.6,52.65,2156700,68.7793101404356
5m,2026-06-08 11:00:00+05:30,52.65,56.7,52.0,55.8,1357980,68.51593517335847
5m,2026-06-08 11:05:00+05:30,55.8,61.6,54.4,56.4,1757535,68.25231276081833
5m,2026-06-08 11:10:00+05:30,56.4,60.55,55.85,58.0,1422265,68.06064156624159
5m,2026-06-08 11:15:00+05:30,58.0,63.6,57.0,62.1,2220270,67.85498544980328
5m,2026-06-08 11:20:00+05:30,62.3,65.1,58.65,62.0,2001090,67.70514975203197
5m,2026-06-08 11:25:00+05:30,62.0,64.55,59.7,61.0,1633060,67.58499856654252
5m,2026-06-08 11:30:00+05:30,61.0,62.25,55.1,56.9,1950975,67.36136309101857
5m,2026-06-08 11:35:00+05:30,56.9,59.35,52.6,54.1,1314625,67.17384214820595
5m,2026-06-08 11:40:00+05:30,54.1,56.45,52.7,54.95,1175525,67.0021039673682
5m,2026-06-08 11:45:00+05:30,54.95,56.7,51.4,52.2,1859000,66.71296921046526
5m,2026-06-08 11:50:00+05:30,52.1,56.4,51.95,53.8,903370,66.58318923983921
5m,2026-06-08 11:55:00+05:30,53.8,55.35,51.5,53.6,1113190,66.4198118978437
5m,2026-06-08 12:00:00+05:30,53.6,56.45,51.5,53.35,1223170,66.2487590828022
5m,2026-06-08 12:05:00+05:30,53.55,57.55,52.05,52.85,1658020,66.03104362372864
5m,2026-06-08 12:10:00+05:30,52.85,53.5,45.75,49.45,3204045,65.47774831851545
5m,2026-06-08 12:15:00+05:30,49.45,51.55,48.25,49.9,1016145,65.31347414154033
5m,2026-06-08 12:20:00+05:30,49.9,50.2,45.15,45.9,1563510,65.02239616522932
5m,2026-06-08 12:25:00+05:30,45.9,48.85,45.8,47.9,873405,64.86763639142865
5m,2026-06-08 12:30:00+05:30,47.9,49.9,44.05,46.7,1587495,64.58322616892305
5m,2026-06-08 12:35:00+05:30,46.95,48.0,45.45,46.15,735605,64.45191924438276
5m,2026-06-08 12:40:00+05:30,46.15,47.5,39.8,42.6,2413710,63.95879272671872
5m,2026-06-08 12:45:00+05:30,42.45,44.6,39.7,40.5,1938560,63.54783753463767
5m,2026-06-08 12:50:00+05:30,40.5,40.6,35.2,39.3,2977260,62.85653199954847
5m,2026-06-08 12:55:00+05:30,39.3,40.7,37.85,40.7,1201395,62.60336140622523
5m,2026-06-08 13:00:00+05:30,40.7,43.95,39.2,43.55,1581060,62.31381699179114
5m,2026-06-08 13:05:00+05:30,43.55,45.95,42.05,44.2,2366585,61.93367215956351
5m,2026-06-08 13:10:00+05:30,44.2,45.7,44.0,44.5,1061255,61.77446953231087
5m,2026-06-08 13:15:00+05:30,44.55,45.5,39.65,44.3,1928745,61.466358375551685
5m,2026-06-08 13:20:00+05:30,44.3,46.7,43.1,44.65,1540760,61.2491942594228
5m,2026-06-08 13:25:00+05:30,44.65,48.95,44.0,45.75,2416635,60.948161928189684
5m,2026-06-08 13:30:00+05:30,45.75,50.3,44.0,47.75,2664350,60.65410674480161
5m,2026-06-08 13:35:00+05:30,47.75,51.65,45.75,47.0,2063425,60.44787089918428
5m,2026-06-08 13:40:00+05:30,47.0,56.55,46.85,55.15,3615170,60.23475820861198
5m,2026-06-08 13:45:00+05:30,55.3,63.15,52.5,54.35,6370585,60.06670315735785
5m,2026-06-08 13:50:00+05:30,54.35,59.35,51.75,56.3,2839655,59.97896854739651
5m,2026-06-08 13:55:00+05:30,56.3,61.45,53.6,53.85,2575365,59.911616110742486
5m,2026-06-08 14:00:00+05:30,53.85,55.5,51.3,52.25,2165735,59.80707439694601
5m,2026-06-08 14:05:00+05:30,52.15,60.1,52.15,58.55,2504385,59.75755749419066
5m,2026-06-08 14:10:00+05:30,58.55,62.6,56.85,61.1,2790320,59.76557761951984
5m,2026-06-08 14:15:00+05:30,61.35,64.65,52.0,55.75,4811820,59.69325156707216
5m,2026-06-08 14:20:00+05:30,55.85,61.55,55.8,60.1,2635295,59.68404973753779
5m,2026-06-08 14:25:00+05:30,60.1,62.75,57.5,61.9,2022670,59.69730225720156
5m,2026-06-08 14:30:00+05:30,61.9,62.2,54.85,57.6,2732795,59.67206608770433
5m,2026-06-08 14:35:00+05:30,57.6,60.0,55.3,58.0,1679535,59.65231378749455
5m,2026-06-08 14:40:00+05:30,58.0,60.15,46.0,46.4,3332550,59.47490561770397
5m,2026-06-08 14:45:00+05:30,46.4,52.6,44.2,50.1,3893565,59.23315399391076
5m,2026-06-08 14:50:00+05:30,50.1,53.25,47.4,51.0,2885675,59.08758315185217
5m,2026-06-08 14:55:00+05:30,51.0,53.85,38.5,46.9,4856280,58.73990450128647
5m,2026-06-08 15:00:00+05:30,45.6,69.25,45.6,65.6,11192740,58.82377693917439
5m,2026-06-08 15:05:00+05:30,65.6,73.8,56.6,59.95,8946925,59.03374916602641
5m,2026-06-08 15:10:00+05:30,60.7,64.9,58.55,59.6,3666130,59.0699543800425
5m,2026-06-08 15:15:00+05:30,60.3,62.45,58.9,61.65,2756130,59.096088333055505
5m,2026-06-08 15:20:00+05:30,61.65,69.75,59.4,66.8,4111380,59.21924882342544
5m,2026-06-08 15:25:00+05:30,66.8,70.85,63.25,64.7,5312775,59.395054577688136
15m,2026-06-01 09:15:00+05:30,38.3,52.9,38.3,51.1,129870,47.43333333333333
15m,2026-06-01 09:30:00+05:30,51.1,54.3,42.1,49.0,53625,47.735317038611406
15m,2026-06-01 09:45:00+05:30,49.0,51.3,46.75,50.45,42965,48.0701205510907
15m,2026-06-01 10:00:00+05:30,50.45,57.05,48.7,51.7,51090,48.88248243559719
15m,2026-06-01 10:15:00+05:30,51.7,55.45,50.7,55.0,31460,49.37464591221428
15m,2026-06-01 10:30:00+05:30,55.0,60.25,51.95,53.85,35685,49.9932522471557
15m,2026-06-01 10:45:00+05:30,53.85,54.75,44.5,48.3,38545,49.911793306196294
15m,2026-06-01 11:00:00+05:30,48.3,48.35,40.6,42.15,27820,49.49138730761122
15m,2026-06-01 11:15:00+05:30,42.15,50.0,39.25,50.0,62075,49.087985987086135
15m,2026-06-01 11:30:00+05:30,50.0,53.1,46.25,50.25,74295,49.193665400142486
15m,2026-06-01 11:45:00+05:30,50.25,65.4,48.9,65.15,75010,50.47383911166806
15m,2026-06-01 12:00:00+05:30,65.15,67.25,56.1,57.0,49660,51.18632656350742
15m,2026-06-01 12:15:00+05:30,57.0,60.7,56.55,59.75,23010,51.44498005111901
15m,2026-06-01 12:30:00+05:30,59.75,63.45,58.25,59.75,18850,51.68361100995388
15m,2026-06-01 12:45:00+05:30,59.75,64.75,54.8,61.85,33800,52.08061978442282
15m,2026-06-01 13:00:00+05:30,61.85,72.2,60.2,70.25,68835,53.3846135477195
15m,2026-06-01 13:15:00+05:30,70.25,70.3,63.6,63.6,21190,53.69947759071044
15m,2026-06-01 13:30:00+05:30,63.6,66.25,60.4,64.15,29055,54.03132623475306
15m,2026-06-01 13:45:00+05:30,64.15,71.7,64.15,70.25,25935,54.457449338672504
15m,2026-06-01 14:00:00+05:30,70.25,79.35,69.7,78.0,63375,55.864331520507605
15m,2026-06-01 14:15:00+05:30,78.0,83.95,75.15,81.1,58695,57.264107901535056
15m,2026-06-01 14:30:00+05:30,81.1,84.2,72.5,75.0,48230,58.17007948639561
15m,2026-06-01 14:45:00+05:30,75.0,84.8,72.3,81.5,63050,59.36617508417509
15m,2026-06-01 15:00:00+05:30,81.5,86.85,70.9,77.5,112125,61.09121959755031
15m,2026-06-01 15:15:00+05:30,77.2,81.0,74.0,77.8,144040,62.81149879306562
15m,2026-06-02 09:15:00+05:30,102.7,123.1,90.6,95.7,277225,103.13333333333333
15m,2026-06-02 09:30:00+05:30,95.7,99.5,84.85,86.7,155090,98.5474013932742
15m,2026-06-02 09:45:00+05:30,86.7,93.65,77.3,79.05,143455,94.75676601189133
15m,2026-06-02 10:00:00+05:30,79.05,87.25,76.75,86.85,122980,92.79610852713179
15m,2026-06-02 10:15:00+05:30,86.85,92.1,62.7,65.95,195845,88.59004214197486
15m,2026-06-02 10:30:00+05:30,65.95,73.1,64.95,68.6,106600,86.49181436516696
15m,2026-06-02 10:45:00+05:30,68.6,86.55,68.6,81.15,156780,85.44589484516793
15m,2026-06-02 11:00:00+05:30,81.15,84.0,75.3,77.45,137930,84.75095467388941
15m,2026-06-02 11:15:00+05:30,77.45,83.0,65.05,69.9,135785,83.60327037743272
15m,2026-06-02 11:30:00+05:30,69.9,82.5,69.55,80.75,115765,83.154166141611
15m,2026-06-02 11:45:00+05:30,80.75,84.2,77.25,83.2,123175,83.03589150001297
15m,2026-06-02 12:00:00+05:30,83.2,86.0,77.65,83.0,148200,82.9691402806566
15m,2026-06-02 12:15:00+05:30,83.0,85.25,80.4,84.0,74230,82.97884619786659
15m,2026-06-02 12:30:00+05:30,84.0,85.15,58.55,59.25,339560,80.647476320795
15m,2026-06-02 12:45:00+05:30,59.35,59.35,44.5,46.2,328900,76.71447041209906
15m,2026-06-02 13:00:00+05:30,46.2,49.5,40.65,43.95,123825,75.23823856897343
15m,2026-06-02 13:15:00+05:30,43.95,44.9,38.3,38.45,194220,72.89859709713097
15m,2026-06-02 13:30:00+05:30,38.45,38.65,35.65,38.65,219960,70.39715528992345
15m,2026-06-02 13:45:00+05:30,38.65,38.65,34.35,36.0,99710,69.33549408426283
15m,2026-06-02 14:00:00+05:30,36.0,36.1,32.25,33.55,152230,67.72897377216628
15m,2026-06-02 14:15:00+05:30,33.3,36.1,30.3,33.85,187460,65.91142039366945
15m,2026-06-02 14:30:00+05:30,33.65,44.7,33.35,43.2,301535,63.90969128698124
15m,2026-06-02 14:45:00+05:30,43.2,47.9,38.15,43.3,184535,62.95638804106174
15m,2026-06-02 15:00:00+05:30,43.3,45.15,31.6,34.25,348725,60.88683593904807
15m,2026-06-02 15:15:00+05:30,34.3,35.15,30.4,32.15,561795,57.663235261838594
15m,2026-06-03 09:15:00+05:30,37.9,104.7,37.9,96.1,4574050,79.56666666666666
15m,2026-06-03 09:30:00+05:30,96.1,111.0,92.85,102.75,2767180,88.09800369511194
15m,2026-06-03 09:45:00+05:30,102.75,116.9,91.35,105.8,3231995,93.16776268199469
15m,2026-06-03 10:00:00+05:30,105.8,115.5,94.2,113.25,2275260,95.73233393534983
15m,2026-06-03 10:15:00+05:30,113.25,119.35,96.95,105.9,2148900,97.40413522646337
15m,2026-06-03 10:30:00+05:30,105.85,122.25,102.75,113.5,2017990,99.23400776748478
15m,2026-06-03 10:45:00+05:30,113.5,117.45,107.3,114.5,1294800,100.21335978037712
15m,2026-06-03 11:00:00+05:30,114.5,125.65,109.35,122.0,1765660,101.865635721586
15m,2026-06-03 11:15:00+05:30,122.0,122.7,106.7,116.35,1506180,102.7997126272346
15m,2026-06-03 11:30:00+05:30,116.35,123.0,108.55,116.75,1198795,103.49961390383689
15m,2026-06-03 11:45:00+05:30,116.75,126.3,111.7,124.7,1032655,104.2541700217363
15m,2026-06-03 12:00:00+05:30,124.7,149.0,120.8,133.5,2446145,107.06543071596772
15m,2026-06-03 12:15:00+05:30,133.65,136.9,103.75,107.45,1663155,107.59958312091703
15m,2026-06-03 12:30:00+05:30,107.45,107.45,69.1,75.35,2941510,105.34725546768875
15m,2026-06-03 12:45:00+05:30,75.15,90.2,73.0,88.1,2738710,103.5883946297231
15m,2026-06-03 13:00:00+05:30,88.1,89.15,80.0,80.4,1645020,102.63609296232981
15m,2026-06-03 13:15:00+05:30,78.85,83.35,70.95,73.45,1157520,101.7865441555002
15m,2026-06-03 13:30:00+05:30,73.45,79.1,70.55,77.75,1042145,101.0633550476349
15m,2026-06-03 13:45:00+05:30,77.75,77.75,49.9,65.75,2570360,98.7127479850957
15m,2026-06-03 14:00:00+05:30,65.75,66.3,56.2,57.45,952445,97.81240115392038
15m,2026-06-03 14:15:00+05:30,57.2,58.35,52.15,54.95,981240,96.81453838458489
15m,2026-06-03 14:30:00+05:30,54.95,59.85,51.65,52.25,897975,95.92952459904998
15m,2026-06-03 14:45:00+05:30,52.45,55.15,49.05,50.65,814710,95.1027153795006
15m,2026-06-03 15:00:00+05:30,50.5,58.05,44.6,53.35,1981720,93.23141694007434
15m,2026-06-03 15:15:00+05:30,53.2,56.6,49.4,51.45,1338220,92.07081959116589
15m,2026-06-04 09:15:00+05:30,78.0,85.65,60.0,63.9,2724475,69.85000000000001
15m,2026-06-04 09:30:00+05:30,63.9,71.1,55.9,57.5,1852175,66.47074634284903
15m,2026-06-04 09:45:00+05:30,57.5,58.65,44.0,49.35,2533050,60.840055311757176
15m,2026-06-04 10:00:00+05:30,49.35,50.9,44.05,45.05,1671085,58.14269543288745
15m,2026-06-04 10:15:00+05:30,45.05,47.2,42.6,46.85,769990,57.12746373112827
15m,2026-06-04 10:30:00+05:30,46.85,53.55,46.1,46.5,1237535,56.16265499415571
15m,2026-06-04 10:45:00+05:30,46.5,47.95,40.8,44.95,707525,55.44896593708359
15m,2026-06-04 11:00:00+05:30,44.95,53.55,43.7,47.15,948675,54.89127762630537
15m,2026-06-04 11:15:00+05:30,47.15,51.3,45.05,47.15,668460,54.53148473102077
15m,2026-06-04 11:30:00+05:30,47.15,54.0,37.0,40.25,1367990,53.512977443024035
15m,2026-06-04 11:45:00+05:30,40.25,47.35,38.95,42.2,740935,52.993139268577714
15m,2026-06-04 12:00:00+05:30,42.2,43.05,38.25,39.9,442390,52.63748442183392
15m,2026-06-04 12:15:00+05:30,39.9,42.8,38.7,41.05,406575,52.339274090911545
15m,2026-06-04 12:30:00+05:30,41.05,50.15,40.8,48.95,927095,52.028063174854466
15m,2026-06-04 12:45:00+05:30,48.95,49.75,41.3,41.6,538005,51.788408751692714
15m,2026-06-04 13:00:00+05:30,41.6,59.55,41.0,59.15,1452295,51.89892215828504
15m,2026-06-04 13:15:00+05:30,60.0,65.1,47.25,49.55,2136095,52.10801255423244
15m,2026-06-04 13:30:00+05:30,49.55,52.95,45.25,48.35,1019785,51.95797407530256
15m,2026-06-04 13:45:00+05:30,48.25,51.0,43.4,43.85,1610050,51.559793067340905
15m,2026-06-04 14:00:00+05:30,43.65,44.0,32.55,35.85,2025140,50.45268285405714
15m,2026-06-04 14:15:00+05:30,35.85,37.85,33.1,34.9,914095,49.93322050902431
15m,2026-06-04 14:30:00+05:30,34.9,35.65,29.7,32.05,1480570,49.015336474055204
15m,2026-06-04 14:45:00+05:30,32.05,35.45,28.45,33.35,1621490,48.112025733433384
15m,2026-06-04 15:00:00+05:30,33.35,36.55,29.45,29.7,1675180,47.249061268495794
15m,2026-06-04 15:15:00+05:30,29.7,31.45,25.4,25.9,1560260,46.32012411905774
15m,2026-06-05 09:15:00+05:30,27.0,33.1,18.25,29.75,4128800,27.03333333333333
15m,2026-06-05 09:30:00+05:30,29.75,30.35,25.05,25.65,2143375,27.027637874155825
15m,2026-06-05 09:45:00+05:30,25.65,30.6,25.4,29.8,1866995,27.388312516304897
15m,2026-06-05 10:00:00+05:30,29.8,32.3,20.45,23.15,5271305,26.567451792970296
15m,2026-06-05 10:15:00+05:30,23.15,26.45,21.6,24.1,2423720,26.18210866313907
15m,2026-06-05 10:30:00+05:30,24.1,45.55,23.6,40.35,6651645,29.23429396381604
15m,2026-06-05 10:45:00+05:30,40.35,49.5,33.05,33.45,3975985,30.651542108301292
15m,2026-06-05 11:00:00+05:30,33.45,33.55,20.55,24.5,4572620,29.995651194986728
15m,2026-06-05 11:15:00+05:30,24.5,32.9,23.6,27.7,4148885,29.768181681021474
15m,2026-06-05 11:30:00+05:30,27.7,30.4,24.35,27.15,2486575,29.60525801918888
15m,2026-06-05 11:45:00+05:30,27.15,31.25,24.75,30.75,2007980,29.570410454505488
15m,2026-06-05 12:00:00+05:30,30.75,30.75,23.5,23.8,2044120,29.39629900536499
15m,2026-06-05 12:15:00+05:30,23.8,25.45,22.3,24.3,1259960,29.238602130374137
15m,2026-06-05 12:30:00+05:30,24.3,35.15,23.55,32.1,4374305,29.333564589229677
15m,2026-06-05 12:45:00+05:30,32.1,36.95,29.85,33.15,3698175,29.622084198545295
15m,2026-06-05 13:00:00+05:30,33.15,40.75,32.3,40.2,3659565,30.16572258640885
15m,2026-06-05 13:15:00+05:30,40.75,46.45,35.95,45.85,4103710,31.043727124240785
15m,2026-06-05 13:30:00+05:30,45.85,58.0,43.05,50.95,5493930,32.7200494739289
15m,2026-06-05 13:45:00+05:30,51.0,52.25,41.6,41.6,3465735,33.355643700328656
15m,2026-06-05 14:00:00+05:30,41.6,45.8,39.15,43.45,3133000,33.77291922755743
15m,2026-06-05 14:15:00+05:30,43.5,47.3,33.35,34.1,3717285,33.995927465643774
15m,2026-06-05 14:30:00+05:30,34.1,41.6,21.55,22.65,6577935,33.55883866944899
15m,2026-06-05 14:45:00+05:30,22.55,30.6,19.35,27.6,7135960,32.93614238382578
15m,2026-06-05 15:00:00+05:30,27.6,33.95,25.2,25.85,5098990,32.68497010300649
15m,2026-06-05 15:15:00+05:30,25.8,25.8,20.4,23.35,5438420,32.16237274152569
15m,2026-06-08 09:15:00+05:30,79.9,102.85,65.1,71.25,20630220,79.73333333333333
15m,2026-06-08 09:30:00+05:30,71.25,77.35,64.4,68.1,10810670,76.36942130136902
15m,2026-06-08 09:45:00+05:30,68.1,80.45,56.25,58.05,11992565,73.2071606802483
15m,2026-06-08 10:00:00+05:30,58.05,69.85,58.05,65.6,7830160,71.87720255552273
15m,2026-06-08 10:15:00+05:30,65.6,69.4,59.6,65.05,5649345,71.1631182920961
15m,2026-06-08 10:30:00+05:30,65.05,65.2,52.1,61.85,7741500,69.7925600157102
15m,2026-06-08 10:45:00+05:30,61.85,63.9,50.6,52.65,5894005,68.61658282359511
15m,2026-06-08 11:00:00+05:30,52.65,61.6,52.0,58.0,4537780,67.92663034021746
15m,2026-06-08 11:15:00+05:30,58.0,65.1,57.0,61.0,5854420,67.42803972617885
15m,2026-06-08 11:30:00+05:30,61.0,62.25,52.6,54.95,4441125,66.86482035669823
15m,2026-06-08 11:45:00+05:30,54.95,56.7,51.4,53.6,3875560,66.30188700519714
15m,2026-06-08 12:00:00+05:30,53.6,57.55,45.75,49.45,6085235,65.31992620261624
15m,2026-06-08 12:15:00+05:30,49.45,51.55,45.15,47.9,3453060,64.72155840641221
15m,2026-06-08 12:30:00+05:30,47.9,49.9,39.8,42.6,4736810,63.7780822367891
15m,2026-06-08 12:45:00+05:30,42.45,44.6,35.2,40.7,6117215,62.46083152826634
15m,2026-06-08 13:00:00+05:30,40.7,45.95,39.2,44.5,5008900,61.6201434107077
15m,2026-06-08 13:15:00+05:30,44.55,48.95,39.65,45.75,5886140,60.79801010208855
15m,2026-06-08 13:30:00+05:30,45.75,56.55,44.0,55.15,8342945,60.222038657102836
15m,2026-06-08 13:45:00+05:30,55.3,63.15,51.75,53.85,11785605,59.88926127881968
15m,2026-06-08 14:00:00+05:30,53.85,62.6,51.3,61.1,7460440,59.810900263860745
15m,2026-06-08 14:15:00+05:30,61.35,64.65,52.0,61.9,9469785,59.793220902866885
15m,2026-06-08 14:30:00+05:30,61.9,62.2,46.0,46.4,7744880,59.40632963823582
15m,2026-06-08 14:45:00+05:30,46.4,53.85,38.5,46.9,11635520,58.55234520174912
15m,2026-06-08 15:00:00+05:30,45.6,73.8,45.6,59.6,23805795,58.68446010107027
15m,2026-06-08 15:15:00+05:30,60.3,70.85,58.9,64.7,12180285,59.03517633304146
1h,2026-05-11 09:15:00+05:30,147.6,164.25,147.6,162.3,585,158.05
1h,2026-05-11 10:15:00+05:30,162.3,166.35,156.35,156.35,195,158.45833333333334
1h,2026-05-11 11:15:00+05:30,156.35,156.35,152.45,152.45,65,158.09615384615384
1h,2026-05-11 12:15:00+05:30,152.45,152.45,148.85,148.85,65,157.52142857142857
1h,2026-05-11 13:15:00+05:30,148.85,148.85,148.85,148.85,0,157.52142857142857
1h,2026-05-11 14:15:00+05:30,148.85,148.85,148.85,148.85,0,157.52142857142857
1h,2026-05-11 15:15:00+05:30,148.85,148.85,148.85,148.85,0,157.52142857142857
1h,2026-05-12 12:15:00+05:30,243.1,243.1,243.1,243.1,0,
1h,2026-05-12 13:15:00+05:30,243.1,243.1,243.1,243.1,0,
1h,2026-05-12 14:15:00+05:30,243.1,243.1,243.1,243.1,0,
1h,2026-05-12 15:15:00+05:30,243.1,243.1,243.1,243.1,0,
1h,2026-05-13 09:15:00+05:30,303.6,311.4,284.2,296.7,260,297.43333333333334
1h,2026-05-13 10:15:00+05:30,296.7,296.7,264.2,267.6,195,288.31904761904764
1h,2026-05-13 11:15:00+05:30,267.6,274.75,267.6,274.75,65,286.32500000000005
1h,2026-05-13 12:15:00+05:30,274.75,274.75,274.75,274.75,0,286.32500000000005
1h,2026-05-13 13:15:00+05:30,274.75,274.75,245.7,245.7,65,282.8870370370371
1h,2026-05-13 14:15:00+05:30,245.7,270.4,245.7,270.4,195,277.70694444444445
1h,2026-05-13 15:15:00+05:30,270.4,270.4,270.4,270.4,0,277.70694444444445
1h,2026-05-14 10:15:00+05:30,235.3,272.3,235.3,272.3,65,259.9666666666667
1h,2026-05-14 11:15:00+05:30,272.3,272.3,272.3,272.3,0,259.9666666666667
1h,2026-05-14 12:15:00+05:30,272.3,272.3,272.3,272.3,0,259.9666666666667
1h,2026-05-14 13:15:00+05:30,272.3,272.3,180.0,180.0,65,235.36666666666667
1h,2026-05-14 14:15:00+05:30,180.0,198.4,180.0,196.3,780,197.82380952380956
1h,2026-05-14 15:15:00+05:30,196.3,196.3,196.3,196.3,0,197.82380952380956
1h,2026-05-15 09:15:00+05:30,184.3,187.1,169.9,170.75,780,175.91666666666666
1h,2026-05-15 10:15:00+05:30,170.75,184.35,170.75,181.65,650,177.280303030303
1h,2026-05-15 11:15:00+05:30,181.65,204.0,181.65,186.85,1755,184.74829931972786
1h,2026-05-15 12:15:00+05:30,186.85,186.85,186.85,186.85,0,184.74829931972786
1h,2026-05-15 13:15:00+05:30,186.85,186.85,186.85,186.85,0,184.74829931972786
1h,2026-05-15 14:15:00+05:30,186.85,186.85,186.85,186.85,0,184.74829931972786
1h,2026-05-15 15:15:00+05:30,186.85,215.3,186.85,215.3,65,185.16966666666664
1h,2026-05-18 10:15:00+05:30,273.95,273.95,256.55,256.55,650,262.34999999999997
1h,2026-05-18 11:15:00+05:30,256.55,256.55,249.4,255.1,325,259.4611111111111
1h,2026-05-18 12:15:00+05:30,255.1,255.1,210.5,210.5,390,249.71984126984125
1h,2026-05-18 13:15:00+05:30,210.5,210.5,210.5,210.5,0,249.71984126984125
1h,2026-05-18 14:15:00+05:30,210.5,210.5,203.1,208.8,130,246.04565217391306
1h,2026-05-18 15:15:00+05:30,208.8,208.8,208.8,208.8,0,246.04565217391306
1h,2026-05-19 09:15:00+05:30,192.9,192.9,176.25,183.05,260,184.0666666666667
1h,2026-05-19 10:15:00+05:30,183.05,183.05,160.45,167.3,780,173.71666666666667
1h,2026-05-19 11:15:00+05:30,167.3,167.3,157.75,163.2,2080,166.40555555555557
1h,2026-05-19 12:15:00+05:30,163.2,164.2,163.2,164.2,65,166.35374149659867
1h,2026-05-19 13:15:00+05:30,164.2,165.65,164.2,165.65,260,166.26415094339626
1h,2026-05-19 14:15:00+05:30,165.65,178.0,162.55,178.0,325,166.83189655172416
1h,2026-05-19 15:15:00+05:30,178.0,182.15,178.0,182.15,65,167.06807909604524
1h,2026-05-20 09:15:00+05:30,196.4,196.4,196.4,196.4,0,
1h,2026-05-20 10:15:00+05:30,196.4,198.15,196.4,196.4,195,196.98333333333332
1h,2026-05-20 11:15:00+05:30,196.4,200.55,184.45,190.9,715,193.04166666666666
1h,2026-05-20 12:15:00+05:30,190.9,190.9,183.0,190.45,325,191.7456140350877
1h,2026-05-20 13:15:00+05:30,190.45,190.45,172.7,172.7,130,190.49523809523808
1h,2026-05-20 14:15:00+05:30,172.7,175.0,162.4,163.75,1170,179.67435897435894
1h,2026-05-20 15:15:00+05:30,163.75,163.75,160.25,160.25,325,177.5996212121212
1h,2026-05-21 09:15:00+05:30,121.05,138.8,120.5,121.45,2730,126.91666666666667
1h,2026-05-21 10:15:00+05:30,121.45,136.85,121.45,135.65,520,127.62066666666668
1h,2026-05-21 11:15:00+05:30,139.7,146.3,126.05,126.05,1040,128.87626262626264
1h,2026-05-21 12:15:00+05:30,126.05,168.45,126.05,160.2,1235,133.94823529411767
1h,2026-05-21 13:15:00+05:30,160.2,160.2,133.8,145.7,2015,137.32040229885058
1h,2026-05-21 14:15:00+05:30,145.7,145.7,135.2,145.5,715,137.73727034120736
1h,2026-05-21 15:15:00+05:30,145.5,145.9,137.6,137.6,130,137.7780361757106
1h,2026-05-22 09:15:00+05:30,122.05,125.65,103.15,103.15,2535,110.65000000000002
1h,2026-05-22 10:15:00+05:30,103.15,108.4,103.15,105.45,520,109.80177304964542
1h,2026-05-22 11:15:00+05:30,105.45,107.5,96.55,96.9,2535,105.50038759689924
1h,2026-05-22 12:15:00+05:30,96.9,103.75,91.05,91.05,2730,102.14791666666667
1h,2026-05-22 13:15:00+05:30,91.05,100.3,89.8,94.6,1820,100.84700854700856
1h,2026-05-22 14:15:00+05:30,94.6,109.5,94.6,104.2,4225,101.41161387631976
1h,2026-05-22 15:15:00+05:30,104.2,104.2,92.95,92.95,1430,100.98504801097394
1h,2026-05-25 09:15:00+05:30,68.0,68.0,48.15,49.2,18070,55.116666666666674
1h,2026-05-25 10:15:00+05:30,49.2,49.3,46.95,48.05,2990,54.12047325102882
1h,2026-05-25 11:15:00+05:30,48.05,48.8,45.0,47.6,3705,53.07515310586178
1h,2026-05-25 12:15:00+05:30,47.6,52.7,45.1,47.55,2535,52.64567460317461
1h,2026-05-25 13:15:00+05:30,47.55,47.55,44.6,44.8,1365,52.31254724111868
1h,2026-05-25 14:15:00+05:30,44.8,45.5,37.1,37.4,14105,48.252026342451884
1h,2026-05-25 15:15:00+05:30,37.4,38.35,34.7,34.75,1495,47.83597650513951
1h,2026-05-26 09:15:00+05:30,39.45,39.45,27.95,28.0,12285,31.8
1h,2026-05-26 10:15:00+05:30,28.0,28.5,26.15,26.9,3445,30.788911845730027
1h,2026-05-26 11:15:00+05:30,26.9,29.55,25.5,27.1,4160,30.076633986928105
1h,2026-05-26 12:15:00+05:30,27.1,35.25,27.1,33.25,4290,30.394220430107527
1h,2026-05-26 13:15:00+05:30,33.25,40.8,33.25,37.25,5005,31.544209354120266
1h,2026-05-26 14:15:00+05:30,37.25,42.75,37.25,38.3,12155,33.86381027253668
1h,2026-05-26 15:15:00+05:30,38.3,38.3,34.9,35.4,8580,34.26534288194444
1h,2026-05-27 09:15:00+05:30,38.0,38.1,25.25,25.25,26650,29.53333333333333
1h,2026-05-27 10:15:00+05:30,25.25,26.4,23.3,23.8,20280,27.35826408125577
1h,2026-05-27 11:15:00+05:30,23.8,26.55,22.95,25.5,8385,27.00078339208774
1h,2026-05-27 12:15:00+05:30,25.5,27.0,23.75,26.25,8060,26.83111111111111
1h,2026-05-27 13:15:00+05:30,26.25,27.75,23.05,24.7,11830,26.56928838951311
1h,2026-05-27 14:15:00+05:30,24.7,29.7,23.45,25.45,38805,26.443595591030025
1h,2026-05-27 15:15:00+05:30,25.45,25.45,21.95,22.9,21450,25.96692258477287
1h,2026-05-29 09:15:00+05:30,17.95,23.55,17.8,18.25,87555,19.866666666666667
1h,2026-05-29 10:15:00+05:30,18.25,20.2,17.35,18.4,24700,19.59895773016792
1h,2026-05-29 11:15:00+05:30,18.4,24.4,16.95,24.0,33215,20.097713732499255
1h,2026-05-29 12:15:00+05:30,24.0,34.4,21.8,34.4,61880,23.11256530825496
1h,2026-05-29 13:15:00+05:30,34.4,42.45,33.8,40.75,69420,27.0974831689369
1h,2026-05-29 14:15:00+05:30,40.75,59.65,31.15,50.75,118625,33.123568414707655
1h,2026-05-29 15:15:00+05:30,50.75,55.45,40.4,52.25,69355,35.54753846153846
1h,2026-06-01 09:15:00+05:30,38.3,57.05,38.3,51.7,277550,49.01666666666667
1h,2026-06-01 10:15:00+05:30,51.7,60.25,40.6,42.15,133510,48.578194180898166
1h,2026-06-01 11:15:00+05:30,42.15,67.25,39.25,57.0,261040,50.878191489361704
1h,2026-06-01 12:15:00+05:30,57.0,72.2,54.8,70.25,144495,53.50973095598185
1h,2026-06-01 13:15:00+05:30,70.25,79.35,60.4,78.0,139555,56.29362111941989
1h,2026-06-01 14:15:00+05:30,78.0,86.85,70.9,77.5,282100,61.333727034120734
1h,2026-06-01 15:15:00+05:30,77.2,81.0,74.0,77.8,144040,63.028736010533244
1h,2026-06-02 09:15:00+05:30,102.7,123.1,76.75,86.85,698750,95.56666666666666
1h,2026-06-02 10:15:00+05:30,86.85,92.1,62.7,77.45,597155,87.20311899148986
1h,2026-06-02 11:15:00+05:30,77.45,86.0,65.05,83.0,522925,84.56195649584255
1h,2026-06-02 12:15:00+05:30,83.0,85.25,40.65,43.95,866515,75.54448841768935
1h,2026-06-02 13:15:00+05:30,43.95,44.9,32.25,33.55,666120,67.86370803514284
1h,2026-06-02 14:15:00+05:30,33.3,47.9,30.3,34.25,1022255,60.7630042999247
1h,2026-06-02 15:15:00+05:30,34.3,35.15,30.4,32.15,561795,57.55349901006615
1h,2026-06-03 09:15:00+05:30,37.9,116.9,37.9,113.25,12848485,89.35
1h,2026-06-03 10:15:00+05:30,113.25,125.65,96.95,122.0,7227350,98.53606278808994
1h,2026-06-03 11:15:00+05:30,122.0,149.0,106.7,133.5,6183775,105.8825885615463
1h,2026-06-03 12:15:00+05:30,133.65,136.9,69.1,80.4,8988395,103.22648305201955
1h,2026-06-03 13:15:00+05:30,78.85,83.35,49.9,57.45,5722470,97.68707669974536
1h,2026-06-03 14:15:00+05:30,57.2,59.85,44.6,53.35,4675645,93.06869588806234
1h,2026-06-03 15:15:00+05:30,53.2,56.6,49.4,51.45,1338220,91.91273320181433
1h,2026-06-04 09:15:00+05:30,78.0,85.65,44.0,45.05,8780785,58.23333333333333
1h,2026-06-04 10:15:00+05:30,45.05,53.55,40.8,47.15,3663725,54.9752521928679
1h,2026-06-04 11:15:00+05:30,47.15,54.0,37.0,39.9,3219775,52.643934370448434
1h,2026-06-04 12:15:00+05:30,39.9,59.55,38.7,59.15,3323970,52.61290294974445
1h,2026-06-04 13:15:00+05:30,60.0,65.1,32.55,35.85,6791070,50.475713871484224
1h,2026-06-04 14:15:00+05:30,35.85,37.85,28.45,29.7,5691335,47.13445960459679
1h,2026-06-04 15:15:00+05:30,29.7,31.45,25.4,25.9,1560260,46.21093581912544
1h,2026-06-05 09:15:00+05:30,27.0,33.1,18.25,23.15,13410475,24.833333333333332
1h,2026-06-05 10:15:00+05:30,23.15,49.5,20.55,24.5,17623970,28.628692527501837
1h,2026-06-05 11:15:00+05:30,24.5,32.9,23.5,23.8,10687560,28.14317499043171
1h,2026-06-05 12:15:00+05:30,23.8,40.75,22.3,40.2,12992005,29.63283431580565
1h,2026-06-05 13:15:00+05:30,40.75,58.0,35.95,43.45,16196375,33.32551597461124
1h,2026-06-05 14:15:00+05:30,43.5,47.3,19.35,25.85,22530170,32.724606673729625
1h,2026-06-05 15:15:00+05:30,25.8,25.8,20.4,23.35,5438420,32.19982927024341
1h,2026-06-08 09:15:00+05:30,79.9,102.85,56.25,65.6,51263615,74.89999999999999
1h,2026-06-08 10:15:00+05:30,65.6,69.4,50.6,58.0,23822630,69.96116013214758
1h,2026-06-08 11:15:00+05:30,58.0,65.1,45.75,49.45,20256340,66.4496832920987
1h,2026-06-08 12:15:00+05:30,49.45,51.55,35.2,44.5,19315985,62.62557540400164
1h,2026-06-08 13:15:00+05:30,44.55,63.15,39.65,61.1,33475130,60.81949520545741
1h,2026-06-08 14:15:00+05:30,61.35,73.8,38.5,59.6,52655980,59.89652710695423
1h,2026-06-08 15:15:00+05:30,60.3,70.85,58.9,64.7,12180285,60.177922195116416
