date,open,high,low,close,volume,symbol
2026-05-04 09:15:00,24320.0,24450.0,24305.9,24418.0,63050,NIFTY26JUNFUT
2026-05-04 09:30:00,24418.0,24477.7,24373.3,24466.3,33345,NIFTY26JUNFUT
2026-05-04 09:45:00,24466.3,24475.1,24413.5,24434.1,20800,NIFTY26JUNFUT
2026-05-04 10:00:00,24434.1,24450.9,24362.5,24362.5,13780,NIFTY26JUNFUT
2026-05-04 10:15:00,24362.5,24393.0,24336.0,24392.9,17745,NIFTY26JUNFUT
2026-05-04 10:30:00,24392.9,24417.7,24360.5,24411.4,24505,NIFTY26JUNFUT
2026-05-04 10:45:00,24411.4,24439.9,24377.5,24380.4,14690,NIFTY26JUNFUT
2026-05-04 11:00:00,24380.4,24415.2,24370.0,24415.2,6175,NIFTY26JUNFUT
2026-05-04 11:15:00,24415.2,24443.2,24415.2,24429.0,11245,NIFTY26JUNFUT
2026-05-04 11:30:00,24429.0,24431.7,24413.7,24423.6,9035,NIFTY26JUNFUT
2026-05-04 11:45:00,24423.6,24438.9,24411.0,24411.0,3640,NIFTY26JUNFUT
2026-05-04 12:00:00,24414.8,24421.9,24311.0,24311.0,19890,NIFTY26JUNFUT
2026-05-04 12:15:00,24311.0,24357.0,24305.0,24324.5,17225,NIFTY26JUNFUT
2026-05-04 12:30:00,24324.5,24329.8,24300.0,24300.1,21710,NIFTY26JUNFUT
2026-05-04 12:45:00,24300.1,24316.3,24275.0,24295.6,16510,NIFTY26JUNFUT
2026-05-04 13:00:00,24295.6,24314.7,24280.2,24300.1,7475,NIFTY26JUNFUT
2026-05-04 13:15:00,24300.1,24300.1,24220.0,24220.0,16250,NIFTY26JUNFUT
2026-05-04 13:30:00,24220.0,24279.9,24185.0,24279.0,21320,NIFTY26JUNFUT
2026-05-04 13:45:00,24279.0,24300.0,24240.2,24271.6,8060,NIFTY26JUNFUT
2026-05-04 14:00:00,24271.6,24300.0,24244.9,24295.5,6110,NIFTY26JUNFUT
2026-05-04 14:15:00,24295.5,24335.0,24288.9,24308.0,10010,NIFTY26JUNFUT
2026-05-04 14:30:00,24308.0,24323.9,24265.0,24293.3,5460,NIFTY26JUNFUT
2026-05-04 14:45:00,24293.3,24315.9,24259.0,24284.6,7930,NIFTY26JUNFUT
2026-05-04 15:00:00,24284.6,24326.9,24265.0,24312.9,12155,NIFTY26JUNFUT
2026-05-04 15:15:00,24312.9,24328.0,24300.0,24300.0,24115,NIFTY26JUNFUT
2026-05-05 09:15:00,24300.0,24300.0,24112.1,24152.7,44070,NIFTY26JUNFUT
2026-05-05 09:30:00,24152.7,24215.0,24152.7,24180.0,14820,NIFTY26JUNFUT
2026-05-05 09:45:00,24180.0,24215.0,24167.0,24190.2,7800,NIFTY26JUNFUT
2026-05-05 10:00:00,24190.2,24215.0,24146.0,24150.0,15340,NIFTY26JUNFUT
2026-05-05 10:15:00,24150.0,24159.0,24116.5,24119.6,17810,NIFTY26JUNFUT
2026-05-05 10:30:00,24119.6,24129.9,24098.2,24105.0,17940,NIFTY26JUNFUT
2026-05-05 10:45:00,24105.0,24116.7,24082.0,24086.4,15145,NIFTY26JUNFUT
2026-05-05 11:00:00,24088.0,24111.9,24087.0,24104.9,7865,NIFTY26JUNFUT
2026-05-05 11:15:00,24104.9,24125.2,24090.0,24096.8,15860,NIFTY26JUNFUT
2026-05-05 11:30:00,24096.8,24124.9,24087.0,24087.0,7800,NIFTY26JUNFUT
2026-05-05 11:45:00,24087.0,24087.0,24050.0,24052.0,21840,NIFTY26JUNFUT
2026-05-05 12:00:00,24052.0,24119.0,24052.0,24112.6,19825,NIFTY26JUNFUT
2026-05-05 12:15:00,24112.6,24148.0,24105.3,24111.2,16900,NIFTY26JUNFUT
2026-05-05 12:30:00,24111.2,24135.5,24102.3,24125.0,7410,NIFTY26JUNFUT
2026-05-05 12:45:00,24125.0,24170.0,24123.1,24170.0,8385,NIFTY26JUNFUT
2026-05-05 13:00:00,24170.0,24240.9,24170.0,24225.5,41080,NIFTY26JUNFUT
2026-05-05 13:15:00,24225.5,24244.8,24186.3,24200.1,18460,NIFTY26JUNFUT
2026-05-05 13:30:00,24200.1,24215.1,24181.9,24214.9,16705,NIFTY26JUNFUT
2026-05-05 13:45:00,24214.9,24218.0,24183.9,24210.0,11440,NIFTY26JUNFUT
2026-05-05 14:00:00,24210.0,24210.0,24170.1,24196.7,5005,NIFTY26JUNFUT
2026-05-05 14:15:00,24196.7,24220.0,24180.5,24220.0,5915,NIFTY26JUNFUT
2026-05-05 14:30:00,24220.0,24222.6,24183.8,24200.0,7410,NIFTY26JUNFUT
2026-05-05 14:45:00,24212.0,24213.7,24173.2,24178.0,7085,NIFTY26JUNFUT
2026-05-05 15:00:00,24178.0,24210.0,24170.0,24210.0,10075,NIFTY26JUNFUT
2026-05-05 15:15:00,24210.0,24235.0,24210.0,24230.0,26325,NIFTY26JUNFUT
2026-05-06 09:15:00,24358.9,24425.0,24335.6,24342.5,46670,NIFTY26JUNFUT
2026-05-06 09:30:00,24342.5,24359.8,24304.4,24308.2,19955,NIFTY26JUNFUT
2026-05-06 09:45:00,24308.2,24345.0,24300.0,24322.0,16705,NIFTY26JUNFUT
2026-05-06 10:00:00,24322.0,24322.0,24268.5,24319.9,23660,NIFTY26JUNFUT
2026-05-06 10:15:00,24319.9,24333.0,24300.0,24306.0,14235,NIFTY26JUNFUT
2026-05-06 10:30:00,24306.0,24329.0,24285.3,24329.0,4485,NIFTY26JUNFUT
2026-05-06 10:45:00,24329.0,24329.0,24270.0,24273.6,6630,NIFTY26JUNFUT
2026-05-06 11:00:00,24273.6,24280.4,24250.0,24263.8,10270,NIFTY26JUNFUT
2026-05-06 11:15:00,24263.8,24285.0,24255.3,24284.7,4875,NIFTY26JUNFUT
2026-05-06 11:30:00,24284.7,24294.9,24235.0,24274.2,6695,NIFTY26JUNFUT
2026-05-06 11:45:00,24274.2,24291.8,24270.5,24289.9,4680,NIFTY26JUNFUT
2026-05-06 12:00:00,24289.9,24289.9,24244.0,24247.0,3965,NIFTY26JUNFUT
2026-05-06 12:15:00,24245.0,24247.0,24200.0,24219.8,16770,NIFTY26JUNFUT
2026-05-06 12:30:00,24219.8,24224.9,24182.1,24186.8,9165,NIFTY26JUNFUT
2026-05-06 12:45:00,24181.1,24194.0,24170.0,24193.0,12805,NIFTY26JUNFUT
2026-05-06 13:00:00,24193.0,24214.9,24170.1,24214.0,15470,NIFTY26JUNFUT
2026-05-06 13:15:00,24214.0,24264.9,24198.7,24255.0,17680,NIFTY26JUNFUT
2026-05-06 13:30:00,24255.0,24297.9,24255.0,24287.0,22685,NIFTY26JUNFUT
2026-05-06 13:45:00,24287.0,24304.9,24287.0,24293.7,15860,NIFTY26JUNFUT
2026-05-06 14:00:00,24293.7,24324.8,24280.3,24324.8,24440,NIFTY26JUNFUT
2026-05-06 14:15:00,24324.8,24544.2,24324.8,24520.4,130065,NIFTY26JUNFUT
2026-05-06 14:30:00,24520.4,24550.0,24478.4,24530.0,63440,NIFTY26JUNFUT
2026-05-06 14:45:00,24530.0,24560.0,24524.9,24558.0,33280,NIFTY26JUNFUT
2026-05-06 15:00:00,24558.0,24560.0,24521.9,24533.0,29445,NIFTY26JUNFUT
2026-05-06 15:15:00,24533.0,24566.3,24530.0,24562.9,34970,NIFTY26JUNFUT
2026-05-07 09:15:00,24550.1,24579.2,24450.0,24488.1,45045,NIFTY26JUNFUT
2026-05-07 09:30:00,24488.1,24551.2,24470.0,24548.0,19500,NIFTY26JUNFUT
2026-05-07 09:45:00,24548.0,24550.0,24475.0,24496.1,17940,NIFTY26JUNFUT
2026-05-07 10:00:00,24496.1,24520.0,24460.0,24476.9,13975,NIFTY26JUNFUT
2026-05-07 10:15:00,24476.9,24514.6,24472.7,24513.3,6565,NIFTY26JUNFUT
2026-05-07 10:30:00,24513.3,24518.0,24500.0,24518.0,2145,NIFTY26JUNFUT
2026-05-07 10:45:00,24518.0,24519.0,24480.0,24485.0,6435,NIFTY26JUNFUT
2026-05-07 11:00:00,24485.0,24493.8,24460.0,24460.0,11700,NIFTY26JUNFUT
2026-05-07 11:15:00,24460.0,24481.1,24438.0,24456.2,12610,NIFTY26JUNFUT
2026-05-07 11:30:00,24456.2,24492.0,24434.8,24434.8,12480,NIFTY26JUNFUT
2026-05-07 11:45:00,24434.8,24490.0,24425.0,24476.0,9815,NIFTY26JUNFUT
2026-05-07 12:00:00,24477.4,24515.0,24474.5,24506.6,8970,NIFTY26JUNFUT
2026-05-07 12:15:00,24506.6,24527.0,24500.0,24500.0,11440,NIFTY26JUNFUT
2026-05-07 12:30:00,24500.0,24630.0,24478.0,24607.9,41925,NIFTY26JUNFUT
2026-05-07 12:45:00,24607.9,24623.4,24517.5,24533.9,26130,NIFTY26JUNFUT
2026-05-07 13:00:00,24533.9,24566.6,24530.0,24534.6,8905,NIFTY26JUNFUT
2026-05-07 13:15:00,24534.6,24542.1,24470.0,24502.5,14885,NIFTY26JUNFUT
2026-05-07 13:30:00,24502.5,24506.5,24486.5,24503.8,4940,NIFTY26JUNFUT
2026-05-07 13:45:00,24503.8,24513.8,24483.9,24513.8,3835,NIFTY26JUNFUT
2026-05-07 14:00:00,24513.8,24517.9,24480.0,24516.0,4160,NIFTY26JUNFUT
2026-05-07 14:15:00,24516.0,24521.8,24480.0,24521.8,3185,NIFTY26JUNFUT
2026-05-07 14:30:00,24521.8,24521.8,24483.0,24483.0,4290,NIFTY26JUNFUT
2026-05-07 14:45:00,24483.0,24505.9,24472.0,24500.0,7670,NIFTY26JUNFUT
2026-05-07 15:00:00,24500.0,24506.0,24451.0,24478.8,29120,NIFTY26JUNFUT
2026-05-07 15:15:00,24478.8,24511.9,24478.7,24501.6,27170,NIFTY26JUNFUT
2026-05-08 09:15:00,24411.1,24411.1,24315.0,24389.0,49790,NIFTY26JUNFUT
2026-05-08 09:30:00,24389.0,24390.0,24320.1,24320.1,22425,NIFTY26JUNFUT
2026-05-08 09:45:00,24320.1,24350.0,24297.3,24341.6,26325,NIFTY26JUNFUT
2026-05-08 10:00:00,24341.6,24363.6,24320.0,24363.5,9490,NIFTY26JUNFUT
2026-05-08 10:15:00,24363.5,24390.0,24331.8,24382.0,17875,NIFTY26JUNFUT
2026-05-08 10:30:00,24382.0,24389.0,24370.0,24380.0,5785,NIFTY26JUNFUT
2026-05-08 10:45:00,24380.0,24390.0,24350.0,24351.0,3705,NIFTY26JUNFUT
2026-05-08 11:00:00,24351.0,24387.0,24350.0,24383.1,3770,NIFTY26JUNFUT
2026-05-08 11:15:00,24383.1,24388.3,24338.1,24340.0,3640,NIFTY26JUNFUT
2026-05-08 11:30:00,24340.0,24362.8,24330.0,24352.5,5720,NIFTY26JUNFUT
2026-05-08 11:45:00,24352.5,24355.2,24340.4,24355.2,3250,NIFTY26JUNFUT
2026-05-08 12:00:00,24355.2,24356.7,24326.9,24330.0,4225,NIFTY26JUNFUT
2026-05-08 12:15:00,24330.0,24344.3,24325.0,24344.3,5005,NIFTY26JUNFUT
2026-05-08 12:30:00,24344.3,24344.3,24310.0,24310.0,5980,NIFTY26JUNFUT
2026-05-08 12:45:00,24310.0,24319.2,24300.0,24310.0,7150,NIFTY26JUNFUT
2026-05-08 13:00:00,24310.0,24321.5,24300.2,24319.5,6045,NIFTY26JUNFUT
2026-05-08 13:15:00,24319.5,24347.9,24303.0,24347.9,6890,NIFTY26JUNFUT
2026-05-08 13:30:00,24348.0,24354.2,24315.2,24321.0,7150,NIFTY26JUNFUT
2026-05-08 13:45:00,24321.0,24328.8,24280.0,24287.6,12805,NIFTY26JUNFUT
2026-05-08 14:00:00,24287.6,24323.9,24273.0,24296.0,10725,NIFTY26JUNFUT
2026-05-08 14:15:00,24296.0,24315.3,24284.9,24305.1,6825,NIFTY26JUNFUT
2026-05-08 14:30:00,24305.1,24385.0,24305.1,24374.6,22685,NIFTY26JUNFUT
2026-05-08 14:45:00,24374.6,24390.0,24357.3,24365.0,9750,NIFTY26JUNFUT
2026-05-08 15:00:00,24365.0,24365.0,24328.0,24343.9,18850,NIFTY26JUNFUT
2026-05-08 15:15:00,24343.9,24363.8,24328.4,24343.0,19760,NIFTY26JUNFUT
2026-05-11 09:15:00,24200.0,24200.0,24045.0,24090.0,118105,NIFTY26JUNFUT
2026-05-11 09:30:00,24090.0,24098.0,24010.0,24014.7,41470,NIFTY26JUNFUT
2026-05-11 09:45:00,24014.7,24035.5,24010.0,24020.6,30160,NIFTY26JUNFUT
2026-05-11 10:00:00,24020.6,24040.6,24015.0,24033.0,14300,NIFTY26JUNFUT
2026-05-11 10:15:00,24033.0,24033.0,23986.9,24012.1,42575,NIFTY26JUNFUT
2026-05-11 10:30:00,24012.1,24019.8,23995.9,23999.9,35750,NIFTY26JUNFUT
2026-05-11 10:45:00,23999.9,24038.0,23986.3,24031.8,25025,NIFTY26JUNFUT
2026-05-11 11:00:00,24031.8,24063.8,24025.0,24050.3,14365,NIFTY26JUNFUT
2026-05-11 11:15:00,24050.3,24080.0,24050.3,24069.0,28340,NIFTY26JUNFUT
2026-05-11 11:30:00,24069.0,24087.9,24051.3,24083.0,8060,NIFTY26JUNFUT
2026-05-11 11:45:00,24083.0,24088.9,24052.0,24065.0,7215,NIFTY26JUNFUT
2026-05-11 12:00:00,24065.0,24080.0,24056.2,24072.0,3380,NIFTY26JUNFUT
2026-05-11 12:15:00,24072.0,24080.0,24062.3,24070.9,4160,NIFTY26JUNFUT
2026-05-11 12:30:00,24070.9,24095.0,24034.3,24095.0,9165,NIFTY26JUNFUT
2026-05-11 12:45:00,24095.0,24095.0,24072.1,24083.0,2925,NIFTY26JUNFUT
2026-05-11 13:00:00,24083.0,24088.0,24040.0,24088.0,4615,NIFTY26JUNFUT
2026-05-11 13:15:00,24088.0,24090.0,24074.0,24074.9,3575,NIFTY26JUNFUT
2026-05-11 13:30:00,24074.9,24123.0,24074.9,24102.0,15210,NIFTY26JUNFUT
2026-05-11 13:45:00,24102.0,24140.0,24096.1,24108.4,12740,NIFTY26JUNFUT
2026-05-11 14:00:00,24108.4,24112.3,24080.0,24080.0,3510,NIFTY26JUNFUT
2026-05-11 14:15:00,24080.0,24094.6,24053.4,24071.0,5915,NIFTY26JUNFUT
2026-05-11 14:30:00,24071.0,24089.8,24040.0,24049.6,17680,NIFTY26JUNFUT
2026-05-11 14:45:00,24049.6,24055.0,24015.0,24015.0,19695,NIFTY26JUNFUT
2026-05-11 15:00:00,24015.0,24015.5,23961.9,23965.5,64740,NIFTY26JUNFUT
2026-05-11 15:15:00,23965.5,23980.6,23959.0,23959.0,46605,NIFTY26JUNFUT
2026-05-12 09:15:00,23925.4,23925.6,23775.0,23777.6,83590,NIFTY26JUNFUT
2026-05-12 09:30:00,23777.6,23795.0,23765.0,23789.9,46865,NIFTY26JUNFUT
2026-05-12 09:45:00,23789.9,23789.9,23771.0,23771.0,23725,NIFTY26JUNFUT
2026-05-12 10:00:00,23771.0,23786.0,23747.3,23786.0,31070,NIFTY26JUNFUT
2026-05-12 10:15:00,23786.0,23813.4,23750.0,23750.9,18330,NIFTY26JUNFUT
2026-05-12 10:30:00,23750.9,23774.2,23740.0,23763.0,19240,NIFTY26JUNFUT
2026-05-12 10:45:00,23763.0,23769.7,23738.0,23759.3,10140,NIFTY26JUNFUT
2026-05-12 11:00:00,23759.3,23759.3,23725.0,23726.8,19110,NIFTY26JUNFUT
2026-05-12 11:15:00,23726.8,23756.0,23725.0,23731.0,10075,NIFTY26JUNFUT
2026-05-12 11:30:00,23731.0,23745.0,23721.0,23740.0,12805,NIFTY26JUNFUT
2026-05-12 11:45:00,23740.0,23758.4,23725.0,23730.0,20735,NIFTY26JUNFUT
2026-05-12 12:00:00,23730.0,23746.9,23690.0,23694.5,54145,NIFTY26JUNFUT
2026-05-12 12:15:00,23694.5,23722.1,23693.4,23695.0,11960,NIFTY26JUNFUT
2026-05-12 12:30:00,23695.0,23698.7,23650.0,23669.0,36660,NIFTY26JUNFUT
2026-05-12 12:45:00,23669.0,23678.0,23653.6,23660.6,26780,NIFTY26JUNFUT
2026-05-12 13:00:00,23660.6,23678.0,23652.3,23674.7,20150,NIFTY26JUNFUT
2026-05-12 13:15:00,23674.7,23700.0,23669.0,23679.4,20865,NIFTY26JUNFUT
2026-05-12 13:30:00,23679.4,23697.6,23641.8,23646.1,24505,NIFTY26JUNFUT
2026-05-12 13:45:00,23646.1,23667.0,23635.0,23636.0,21450,NIFTY26JUNFUT
2026-05-12 14:00:00,23635.0,23639.8,23588.8,23595.3,58370,NIFTY26JUNFUT
2026-05-12 14:15:00,23595.3,23630.0,23589.0,23601.7,38415,NIFTY26JUNFUT
2026-05-12 14:30:00,23601.7,23610.7,23570.0,23600.0,24050,NIFTY26JUNFUT
2026-05-12 14:45:00,23600.0,23612.4,23545.0,23554.3,47710,NIFTY26JUNFUT
2026-05-12 15:00:00,23552.4,23554.2,23500.0,23503.9,83525,NIFTY26JUNFUT
2026-05-12 15:15:00,23505.5,23581.0,23505.2,23570.0,87035,NIFTY26JUNFUT
2026-05-13 09:15:00,23528.0,23629.0,23515.0,23515.0,70070,NIFTY26JUNFUT
2026-05-13 09:30:00,23515.0,23535.0,23406.8,23461.0,62140,NIFTY26JUNFUT
2026-05-13 09:45:00,23461.0,23530.0,23429.2,23515.0,46150,NIFTY26JUNFUT
2026-05-13 10:00:00,23520.4,23574.0,23494.9,23541.1,44395,NIFTY26JUNFUT
2026-05-13 10:15:00,23541.1,23617.0,23541.1,23600.0,45760,NIFTY26JUNFUT
2026-05-13 10:30:00,23600.0,23624.8,23569.1,23609.0,16965,NIFTY26JUNFUT
2026-05-13 10:45:00,23609.0,23615.0,23515.0,23515.0,22815,NIFTY26JUNFUT
2026-05-13 11:00:00,23520.2,23552.2,23511.0,23535.0,12870,NIFTY26JUNFUT
2026-05-13 11:15:00,23535.0,23568.2,23535.0,23545.0,27625,NIFTY26JUNFUT
2026-05-13 11:30:00,23545.0,23640.0,23540.3,23636.0,33150,NIFTY26JUNFUT
2026-05-13 11:45:00,23636.0,23650.0,23597.5,23611.2,38220,NIFTY26JUNFUT
2026-05-13 12:00:00,23611.2,23650.0,23603.5,23650.0,33930,NIFTY26JUNFUT
2026-05-13 12:15:00,23650.0,23650.0,23611.0,23644.3,22555,NIFTY26JUNFUT
2026-05-13 12:30:00,23644.3,23644.3,23560.0,23598.9,36205,NIFTY26JUNFUT
2026-05-13 12:45:00,23598.9,23726.4,23592.0,23716.3,59995,NIFTY26JUNFUT
2026-05-13 13:00:00,23719.0,23720.0,23658.0,23675.4,14820,NIFTY26JUNFUT
2026-05-13 13:15:00,23675.4,23675.4,23625.9,23626.8,10335,NIFTY26JUNFUT
2026-05-13 13:30:00,23626.8,23675.4,23625.9,23650.1,7345,NIFTY26JUNFUT
2026-05-13 13:45:00,23650.1,23665.4,23605.0,23632.7,7410,NIFTY26JUNFUT
2026-05-13 14:00:00,23632.7,23658.0,23612.9,23658.0,5460,NIFTY26JUNFUT
2026-05-13 14:15:00,23658.0,23660.3,23591.0,23611.3,10465,NIFTY26JUNFUT
2026-05-13 14:30:00,23611.3,23630.0,23600.0,23601.0,8385,NIFTY26JUNFUT
2026-05-13 14:45:00,23601.0,23612.0,23581.0,23605.0,8580,NIFTY26JUNFUT
2026-05-13 15:00:00,23605.0,23605.0,23540.2,23575.0,126620,NIFTY26JUNFUT
2026-05-13 15:15:00,23575.0,23588.7,23542.9,23580.0,166530,NIFTY26JUNFUT
2026-05-14 09:15:00,23625.0,23704.9,23625.0,23703.9,50310,NIFTY26JUNFUT
2026-05-14 09:30:00,23703.9,23703.9,23618.0,23618.0,19435,NIFTY26JUNFUT
2026-05-14 09:45:00,23618.0,23649.9,23560.0,23570.2,30095,NIFTY26JUNFUT
2026-05-14 10:00:00,23570.2,23610.0,23569.3,23609.0,18850,NIFTY26JUNFUT
2026-05-14 10:15:00,23609.0,23632.0,23585.1,23625.0,11050,NIFTY26JUNFUT
2026-05-14 10:30:00,23625.0,23648.9,23600.8,23609.3,9100,NIFTY26JUNFUT
2026-05-14 10:45:00,23609.3,23609.3,23535.0,23547.1,25025,NIFTY26JUNFUT
2026-05-14 11:00:00,23547.1,23565.0,23535.0,23560.9,10985,NIFTY26JUNFUT
2026-05-14 11:15:00,23560.9,23696.0,23560.9,23688.3,32500,NIFTY26JUNFUT
2026-05-14 11:30:00,23688.3,23785.1,23685.6,23776.2,67795,NIFTY26JUNFUT
2026-05-14 11:45:00,23780.0,23815.8,23757.4,23785.4,45110,NIFTY26JUNFUT
2026-05-14 12:00:00,23785.4,23794.1,23742.0,23775.0,35880,NIFTY26JUNFUT
2026-05-14 12:15:00,23775.0,23819.8,23775.0,23808.0,24895,NIFTY26JUNFUT
2026-05-14 12:30:00,23808.0,23810.0,23779.2,23810.0,31070,NIFTY26JUNFUT
2026-05-14 12:45:00,23808.0,23828.6,23780.1,23806.0,29445,NIFTY26JUNFUT
2026-05-14 13:00:00,23806.0,23865.0,23803.0,23842.6,32500,NIFTY26JUNFUT
2026-05-14 13:15:00,23842.6,23842.6,23816.1,23821.0,8385,NIFTY26JUNFUT
2026-05-14 13:30:00,23821.0,23865.0,23815.0,23855.0,19825,NIFTY26JUNFUT
2026-05-14 13:45:00,23855.0,23870.0,23829.9,23859.7,24310,NIFTY26JUNFUT
2026-05-14 14:00:00,23859.7,23878.0,23841.9,23847.7,19760,NIFTY26JUNFUT
2026-05-14 14:15:00,23847.7,23864.0,23825.1,23864.0,17615,NIFTY26JUNFUT
2026-05-14 14:30:00,23864.0,23880.0,23821.0,23831.8,22230,NIFTY26JUNFUT
2026-05-14 14:45:00,23831.8,23832.5,23785.0,23818.3,30615,NIFTY26JUNFUT
2026-05-14 15:00:00,23818.3,23818.3,23765.5,23775.4,37830,NIFTY26JUNFUT
2026-05-14 15:15:00,23775.4,23839.2,23775.4,23826.4,32890,NIFTY26JUNFUT
2026-05-15 09:15:00,23799.8,23887.9,23780.0,23880.4,46930,NIFTY26JUNFUT
2026-05-15 09:30:00,23880.4,23900.0,23830.0,23900.0,22555,NIFTY26JUNFUT
2026-05-15 09:45:00,23900.0,23935.0,23889.3,23915.0,31590,NIFTY26JUNFUT
2026-05-15 10:00:00,23915.0,23923.9,23875.0,23890.0,24375,NIFTY26JUNFUT
2026-05-15 10:15:00,23890.0,23917.0,23869.0,23906.6,11960,NIFTY26JUNFUT
2026-05-15 10:30:00,23906.6,23915.9,23880.1,23896.0,25545,NIFTY26JUNFUT
2026-05-15 10:45:00,23896.0,23934.8,23893.5,23915.0,43420,NIFTY26JUNFUT
2026-05-15 11:00:00,23915.0,23915.0,23812.0,23833.3,145015,NIFTY26JUNFUT
2026-05-15 11:15:00,23825.0,23830.0,23793.0,23796.8,110630,NIFTY26JUNFUT
2026-05-15 11:30:00,23796.8,23825.0,23756.3,23820.0,32500,NIFTY26JUNFUT
2026-05-15 11:45:00,23820.0,23827.0,23800.0,23801.3,7150,NIFTY26JUNFUT
2026-05-15 12:00:00,23801.3,23868.0,23801.3,23840.0,10075,NIFTY26JUNFUT
2026-05-15 12:15:00,23840.0,23849.9,23802.5,23802.5,12870,NIFTY26JUNFUT
2026-05-15 12:30:00,23802.5,23860.0,23802.5,23857.0,5135,NIFTY26JUNFUT
2026-05-15 12:45:00,23857.0,23893.0,23853.3,23877.5,18785,NIFTY26JUNFUT
2026-05-15 13:00:00,23877.5,23892.4,23869.0,23877.7,30680,NIFTY26JUNFUT
2026-05-15 13:15:00,23877.7,23894.5,23861.7,23875.0,19825,NIFTY26JUNFUT
2026-05-15 13:30:00,23875.0,23883.1,23830.0,23835.0,23920,NIFTY26JUNFUT
2026-05-15 13:45:00,23835.0,23847.4,23791.6,23805.0,19890,NIFTY26JUNFUT
2026-05-15 14:00:00,23805.0,23816.2,23785.0,23810.0,18590,NIFTY26JUNFUT
2026-05-15 14:15:00,23810.0,23820.0,23780.0,23782.6,11375,NIFTY26JUNFUT
2026-05-15 14:30:00,23789.9,23800.0,23770.0,23776.0,56030,NIFTY26JUNFUT
2026-05-15 14:45:00,23776.0,23776.0,23690.1,23738.0,86125,NIFTY26JUNFUT
2026-05-15 15:00:00,23738.0,23777.3,23718.2,23740.2,56030,NIFTY26JUNFUT
2026-05-15 15:15:00,23740.2,23771.0,23701.1,23750.0,100360,NIFTY26JUNFUT
2026-05-18 09:15:00,23635.0,23635.0,23480.6,23491.2,149565,NIFTY26JUNFUT
2026-05-18 09:30:00,23491.2,23520.0,23475.0,23494.6,56550,NIFTY26JUNFUT
2026-05-18 09:45:00,23494.6,23494.6,23440.0,23461.9,60645,NIFTY26JUNFUT
2026-05-18 10:00:00,23461.9,23486.9,23458.0,23475.1,24505,NIFTY26JUNFUT
2026-05-18 10:15:00,23475.1,23505.0,23464.8,23485.6,22880,NIFTY26JUNFUT
2026-05-18 10:30:00,23485.6,23545.0,23460.0,23510.0,47840,NIFTY26JUNFUT
2026-05-18 10:45:00,23510.0,23555.0,23485.0,23552.0,40235,NIFTY26JUNFUT
2026-05-18 11:00:00,23552.0,23570.0,23540.1,23547.5,20735,NIFTY26JUNFUT
2026-05-18 11:15:00,23547.5,23608.6,23544.2,23571.8,31525,NIFTY26JUNFUT
2026-05-18 11:30:00,23571.8,23650.0,23571.8,23612.2,37505,NIFTY26JUNFUT
2026-05-18 11:45:00,23612.2,23625.0,23560.0,23560.0,16380,NIFTY26JUNFUT
2026-05-18 12:00:00,23560.0,23609.9,23555.0,23605.0,18330,NIFTY26JUNFUT
2026-05-18 12:15:00,23605.0,23645.0,23600.1,23638.0,19500,NIFTY26JUNFUT
2026-05-18 12:30:00,23638.0,23688.0,23638.0,23655.0,55640,NIFTY26JUNFUT
2026-05-18 12:45:00,23655.0,23736.7,23651.0,23720.0,30420,NIFTY26JUNFUT
2026-05-18 13:00:00,23720.0,23750.0,23671.0,23690.0,68900,NIFTY26JUNFUT
2026-05-18 13:15:00,23690.0,23715.0,23680.1,23700.0,13520,NIFTY26JUNFUT
2026-05-18 13:30:00,23698.0,23715.0,23680.0,23696.6,9555,NIFTY26JUNFUT
2026-05-18 13:45:00,23696.6,23745.0,23690.0,23717.4,12610,NIFTY26JUNFUT
2026-05-18 14:00:00,23717.4,23740.0,23695.0,23695.0,8645,NIFTY26JUNFUT
2026-05-18 14:15:00,23695.0,23706.3,23673.0,23703.0,6630,NIFTY26JUNFUT
2026-05-18 14:30:00,23703.0,23707.0,23670.0,23698.7,11505,NIFTY26JUNFUT
2026-05-18 14:45:00,23698.7,23698.7,23663.1,23665.2,11830,NIFTY26JUNFUT
2026-05-18 15:00:00,23665.2,23787.9,23665.2,23726.5,38805,NIFTY26JUNFUT
2026-05-18 15:15:00,23725.0,23748.3,23707.0,23731.3,37765,NIFTY26JUNFUT
2026-05-19 09:15:00,23790.0,23830.0,23741.1,23828.0,58110,NIFTY26JUNFUT
2026-05-19 09:30:00,23828.0,23832.5,23728.0,23830.0,64415,NIFTY26JUNFUT
2026-05-19 09:45:00,23830.0,23832.0,23760.0,23765.0,22425,NIFTY26JUNFUT
2026-05-19 10:00:00,23765.0,23835.0,23760.1,23830.3,45890,NIFTY26JUNFUT
2026-05-19 10:15:00,23830.3,23835.7,23792.3,23826.3,21060,NIFTY26JUNFUT
2026-05-19 10:30:00,23826.3,23840.9,23804.7,23835.0,23075,NIFTY26JUNFUT
2026-05-19 10:45:00,23835.0,23850.0,23800.0,23845.4,35750,NIFTY26JUNFUT
2026-05-19 11:00:00,23845.4,23850.0,23795.0,23795.0,28470,NIFTY26JUNFUT
2026-05-19 11:15:00,23795.0,23809.3,23770.0,23809.3,27625,NIFTY26JUNFUT
2026-05-19 11:30:00,23809.3,23833.1,23778.6,23817.6,13000,NIFTY26JUNFUT
2026-05-19 11:45:00,23817.6,23849.9,23813.7,23834.0,11245,NIFTY26JUNFUT
2026-05-19 12:00:00,23834.0,23834.5,23810.2,23830.9,6500,NIFTY26JUNFUT
2026-05-19 12:15:00,23830.9,23833.0,23801.6,23830.0,7930,NIFTY26JUNFUT
2026-05-19 12:30:00,23830.0,23830.8,23803.1,23815.0,5070,NIFTY26JUNFUT
2026-05-19 12:45:00,23815.0,23824.1,23801.7,23814.2,12480,NIFTY26JUNFUT
2026-05-19 13:00:00,23814.2,23818.4,23795.0,23800.0,5850,NIFTY26JUNFUT
2026-05-19 13:15:00,23800.0,23830.0,23796.0,23812.0,5525,NIFTY26JUNFUT
2026-05-19 13:30:00,23812.0,23828.2,23770.0,23787.5,25675,NIFTY26JUNFUT
2026-05-19 13:45:00,23787.5,23809.6,23761.1,23777.1,18850,NIFTY26JUNFUT
2026-05-19 14:00:00,23777.1,23813.5,23770.0,23797.3,11765,NIFTY26JUNFUT
2026-05-19 14:15:00,23797.3,23823.0,23795.0,23795.0,15405,NIFTY26JUNFUT
2026-05-19 14:30:00,23797.7,23801.9,23745.0,23746.0,28015,NIFTY26JUNFUT
2026-05-19 14:45:00,23746.0,23757.2,23720.0,23749.5,43550,NIFTY26JUNFUT
2026-05-19 15:00:00,23749.5,23749.5,23700.0,23711.1,42835,NIFTY26JUNFUT
2026-05-19 15:15:00,23711.1,23711.1,23669.0,23697.7,71110,NIFTY26JUNFUT
2026-05-20 09:15:00,23545.0,23559.0,23472.0,23554.4,118625,NIFTY26JUNFUT
2026-05-20 09:30:00,23554.4,23615.0,23550.0,23595.7,61880,NIFTY26JUNFUT
2026-05-20 09:45:00,23595.7,23620.0,23580.0,23610.5,26325,NIFTY26JUNFUT
2026-05-20 10:00:00,23610.5,23620.0,23555.0,23585.5,32565,NIFTY26JUNFUT
2026-05-20 10:15:00,23585.5,23603.7,23550.0,23603.7,21385,NIFTY26JUNFUT
2026-05-20 10:30:00,23603.7,23671.2,23603.7,23623.1,50570,NIFTY26JUNFUT
2026-05-20 10:45:00,23623.1,23631.6,23574.9,23623.2,28470,NIFTY26JUNFUT
2026-05-20 11:00:00,23623.2,23666.0,23623.2,23640.0,29445,NIFTY26JUNFUT
2026-05-20 11:15:00,23640.0,23680.0,23633.5,23673.0,21385,NIFTY26JUNFUT
2026-05-20 11:30:00,23673.0,23690.0,23660.0,23680.0,80730,NIFTY26JUNFUT
2026-05-20 11:45:00,23680.0,23732.4,23680.0,23685.0,30940,NIFTY26JUNFUT
2026-05-20 12:00:00,23685.0,23691.1,23643.1,23651.9,27950,NIFTY26JUNFUT
2026-05-20 12:15:00,23651.9,23700.0,23651.9,23679.2,64090,NIFTY26JUNFUT
2026-05-20 12:30:00,23679.2,23690.8,23666.8,23685.9,15275,NIFTY26JUNFUT
2026-05-20 12:45:00,23685.9,23706.0,23680.0,23695.0,25025,NIFTY26JUNFUT
2026-05-20 13:00:00,23695.0,23705.0,23660.0,23680.2,18200,NIFTY26JUNFUT
2026-05-20 13:15:00,23680.2,23687.5,23632.0,23633.8,28015,NIFTY26JUNFUT
2026-05-20 13:30:00,23633.8,23700.0,23630.3,23672.6,30745,NIFTY26JUNFUT
2026-05-20 13:45:00,23672.6,23710.0,23659.2,23710.0,12935,NIFTY26JUNFUT
2026-05-20 14:00:00,23710.0,23750.0,23699.2,23735.0,33995,NIFTY26JUNFUT
2026-05-20 14:15:00,23735.0,23774.0,23726.2,23743.0,35815,NIFTY26JUNFUT
2026-05-20 14:30:00,23743.0,23765.0,23735.0,23758.1,27235,NIFTY26JUNFUT
2026-05-20 14:45:00,23758.1,23775.0,23751.1,23760.2,24505,NIFTY26JUNFUT
2026-05-20 15:00:00,23760.2,23763.7,23730.0,23750.6,33995,NIFTY26JUNFUT
2026-05-20 15:15:00,23750.6,23784.0,23731.0,23776.8,47970,NIFTY26JUNFUT
2026-05-21 09:15:00,23899.0,23922.0,23825.0,23829.1,175110,NIFTY26JUNFUT
2026-05-21 09:30:00,23829.1,23874.5,23803.8,23870.0,103025,NIFTY26JUNFUT
2026-05-21 09:45:00,23870.0,23890.0,23841.2,23842.7,79040,NIFTY26JUNFUT
2026-05-21 10:00:00,23847.4,23870.0,23825.0,23847.0,65065,NIFTY26JUNFUT
2026-05-21 10:15:00,23847.0,23870.0,23840.0,23864.5,61945,NIFTY26JUNFUT
2026-05-21 10:30:00,23864.5,23864.5,23807.0,23848.3,74815,NIFTY26JUNFUT
2026-05-21 10:45:00,23848.3,23856.1,23792.0,23801.0,86125,NIFTY26JUNFUT
2026-05-21 11:00:00,23801.0,23801.0,23772.0,23772.0,93470,NIFTY26JUNFUT
2026-05-21 11:15:00,23770.0,23825.0,23710.0,23818.9,127465,NIFTY26JUNFUT
2026-05-21 11:30:00,23818.9,23819.9,23792.0,23800.2,71435,NIFTY26JUNFUT
2026-05-21 11:45:00,23800.2,23824.4,23780.5,23786.2,54470,NIFTY26JUNFUT
2026-05-21 12:00:00,23786.2,23821.7,23771.8,23771.8,65130,NIFTY26JUNFUT
2026-05-21 12:15:00,23771.8,23791.8,23702.0,23726.0,103740,NIFTY26JUNFUT
2026-05-21 12:30:00,23726.0,23733.5,23656.0,23689.8,156455,NIFTY26JUNFUT
2026-05-21 12:45:00,23689.8,23699.1,23657.0,23685.5,133835,NIFTY26JUNFUT
2026-05-21 13:00:00,23685.5,23713.3,23640.2,23697.5,122785,NIFTY26JUNFUT
2026-05-21 13:15:00,23697.5,23709.3,23685.0,23687.0,86775,NIFTY26JUNFUT
2026-05-21 13:30:00,23687.0,23760.0,23676.0,23754.3,111475,NIFTY26JUNFUT
2026-05-21 13:45:00,23754.3,23762.0,23700.1,23742.0,88530,NIFTY26JUNFUT
2026-05-21 14:00:00,23742.0,23745.5,23701.1,23715.0,112450,NIFTY26JUNFUT
2026-05-21 14:15:00,23715.9,23745.0,23701.4,23715.0,121095,NIFTY26JUNFUT
2026-05-21 14:30:00,23715.0,23770.0,23710.1,23743.1,96785,NIFTY26JUNFUT
2026-05-21 14:45:00,23730.9,23760.0,23730.9,23751.4,81770,NIFTY26JUNFUT
2026-05-21 15:00:00,23751.4,23759.0,23708.9,23712.8,130845,NIFTY26JUNFUT
2026-05-21 15:15:00,23712.8,23725.0,23705.0,23715.0,218660,NIFTY26JUNFUT
2026-05-22 09:15:00,23783.5,23840.0,23760.2,23814.5,396175,NIFTY26JUNFUT
2026-05-22 09:30:00,23814.5,23856.8,23807.6,23835.0,237510,NIFTY26JUNFUT
2026-05-22 09:45:00,23835.0,23867.0,23811.0,23860.0,281775,NIFTY26JUNFUT
2026-05-22 10:00:00,23860.0,23873.5,23830.6,23867.0,191425,NIFTY26JUNFUT
2026-05-22 10:15:00,23867.0,23869.0,23832.7,23838.0,134420,NIFTY26JUNFUT
2026-05-22 10:30:00,23838.0,23875.0,23838.0,23875.0,104455,NIFTY26JUNFUT
2026-05-22 10:45:00,23875.0,23879.9,23850.0,23856.1,113685,NIFTY26JUNFUT
2026-05-22 11:00:00,23856.1,23864.2,23838.4,23844.5,89505,NIFTY26JUNFUT
2026-05-22 11:15:00,23844.5,23865.6,23821.1,23835.0,130585,NIFTY26JUNFUT
2026-05-22 11:30:00,23835.0,23890.0,23820.0,23890.0,118820,NIFTY26JUNFUT
2026-05-22 11:45:00,23890.0,23910.0,23879.0,23880.8,166205,NIFTY26JUNFUT
2026-05-22 12:00:00,23880.8,23889.9,23865.0,23875.6,125645,NIFTY26JUNFUT
2026-05-22 12:15:00,23875.6,23880.0,23835.0,23846.1,129610,NIFTY26JUNFUT
2026-05-22 12:30:00,23845.5,23874.9,23825.8,23869.0,101205,NIFTY26JUNFUT
2026-05-22 12:45:00,23869.0,23910.0,23860.0,23899.0,130325,NIFTY26JUNFUT
2026-05-22 13:00:00,23899.0,23907.0,23881.1,23886.3,77805,NIFTY26JUNFUT
2026-05-22 13:15:00,23886.3,23893.0,23872.5,23882.4,106275,NIFTY26JUNFUT
2026-05-22 13:30:00,23882.4,23890.6,23871.0,23871.0,137020,NIFTY26JUNFUT
2026-05-22 13:45:00,23871.0,23899.0,23851.4,23864.8,165750,NIFTY26JUNFUT
2026-05-22 14:00:00,23864.8,23867.9,23806.8,23841.6,132210,NIFTY26JUNFUT
2026-05-22 14:15:00,23841.6,23850.4,23801.1,23802.0,202280,NIFTY26JUNFUT
2026-05-22 14:30:00,23802.0,23821.0,23770.1,23774.1,245310,NIFTY26JUNFUT
2026-05-22 14:45:00,23774.1,23801.0,23765.0,23787.7,129025,NIFTY26JUNFUT
2026-05-22 15:00:00,23787.7,23802.0,23760.0,23796.3,190320,NIFTY26JUNFUT
2026-05-22 15:15:00,23796.3,23844.0,23796.3,23842.0,197210,NIFTY26JUNFUT
2026-05-25 09:15:00,23989.0,24046.3,23980.0,24046.0,389350,NIFTY26JUNFUT
2026-05-25 09:30:00,24046.0,24049.5,23994.7,24020.0,237770,NIFTY26JUNFUT
2026-05-25 09:45:00,24020.0,24025.0,23994.0,24012.0,240565,NIFTY26JUNFUT
2026-05-25 10:00:00,24012.0,24030.0,24005.0,24025.0,149695,NIFTY26JUNFUT
2026-05-25 10:15:00,24025.0,24048.0,24020.0,24025.0,171925,NIFTY26JUNFUT
2026-05-25 10:30:00,24025.0,24059.0,24024.2,24046.4,144365,NIFTY26JUNFUT
2026-05-25 10:45:00,24046.4,24057.0,24030.1,24032.0,158990,NIFTY26JUNFUT
2026-05-25 11:00:00,24032.0,24050.0,24026.0,24040.0,113880,NIFTY26JUNFUT
2026-05-25 11:15:00,24040.0,24044.9,24024.0,24027.0,117780,NIFTY26JUNFUT
2026-05-25 11:30:00,24027.0,24049.4,24024.0,24040.0,94380,NIFTY26JUNFUT
2026-05-25 11:45:00,24040.0,24054.5,24033.3,24042.0,112775,NIFTY26JUNFUT
2026-05-25 12:00:00,24042.0,24048.0,24013.8,24016.0,171210,NIFTY26JUNFUT
2026-05-25 12:15:00,24016.0,24029.3,24009.7,24010.0,133250,NIFTY26JUNFUT
2026-05-25 12:30:00,24017.8,24025.0,24004.7,24012.4,113945,NIFTY26JUNFUT
2026-05-25 12:45:00,24012.4,24018.3,23982.5,24000.1,132080,NIFTY26JUNFUT
2026-05-25 13:00:00,24000.1,24044.0,23991.1,24024.0,135070,NIFTY26JUNFUT
2026-05-25 13:15:00,24024.0,24045.1,24020.0,24038.0,132600,NIFTY26JUNFUT
2026-05-25 13:30:00,24038.0,24046.1,24014.4,24020.0,108550,NIFTY26JUNFUT
2026-05-25 13:45:00,24020.0,24036.0,24011.6,24019.3,102375,NIFTY26JUNFUT
2026-05-25 14:00:00,24019.3,24038.0,24010.0,24010.1,98085,NIFTY26JUNFUT
2026-05-25 14:15:00,24010.1,24038.0,24007.0,24034.7,117260,NIFTY26JUNFUT
2026-05-25 14:30:00,24034.7,24077.9,24025.5,24076.0,218725,NIFTY26JUNFUT
2026-05-25 14:45:00,24076.0,24097.3,24070.0,24091.0,209105,NIFTY26JUNFUT
2026-05-25 15:00:00,24091.0,24109.3,24081.0,24107.0,214890,NIFTY26JUNFUT
2026-05-25 15:15:00,24107.0,24160.0,24090.0,24155.0,351650,NIFTY26JUNFUT
2026-05-26 09:15:00,24105.0,24105.0,24012.0,24089.0,389545,NIFTY26JUNFUT
2026-05-26 09:30:00,24090.0,24136.9,24064.1,24125.0,284115,NIFTY26JUNFUT
2026-05-26 09:45:00,24125.0,24125.0,24064.0,24088.0,174525,NIFTY26JUNFUT
2026-05-26 10:00:00,24088.0,24126.0,24074.1,24124.0,170820,NIFTY26JUNFUT
2026-05-26 10:15:00,24124.0,24133.6,24100.2,24122.1,166335,NIFTY26JUNFUT
2026-05-26 10:30:00,24122.1,24145.0,24114.1,24127.2,182910,NIFTY26JUNFUT
2026-05-26 10:45:00,24127.2,24140.0,24120.0,24130.0,92105,NIFTY26JUNFUT
2026-05-26 11:00:00,24129.7,24137.5,24120.0,24120.3,86255,NIFTY26JUNFUT
2026-05-26 11:15:00,24124.2,24127.9,24095.0,24096.7,178425,NIFTY26JUNFUT
2026-05-26 11:30:00,24096.7,24130.0,24076.2,24115.4,114140,NIFTY26JUNFUT
2026-05-26 11:45:00,24115.4,24121.6,24082.5,24094.0,98735,NIFTY26JUNFUT
2026-05-26 12:00:00,24094.0,24099.9,24071.0,24080.0,148070,NIFTY26JUNFUT
2026-05-26 12:15:00,24080.0,24099.8,24072.5,24080.0,165295,NIFTY26JUNFUT
2026-05-26 12:30:00,24080.0,24096.0,24062.2,24070.0,180115,NIFTY26JUNFUT
2026-05-26 12:45:00,24070.0,24071.1,24020.0,24044.7,308295,NIFTY26JUNFUT
2026-05-26 13:00:00,24044.9,24048.3,24018.5,24021.6,211965,NIFTY26JUNFUT
2026-05-26 13:15:00,24021.6,24045.0,24006.0,24032.0,172445,NIFTY26JUNFUT
2026-05-26 13:30:00,24032.0,24045.0,24007.0,24007.0,319345,NIFTY26JUNFUT
2026-05-26 13:45:00,24007.0,24017.3,23986.6,23989.6,249665,NIFTY26JUNFUT
2026-05-26 14:00:00,23989.6,23998.0,23956.8,23982.0,378950,NIFTY26JUNFUT
2026-05-26 14:15:00,23982.0,23995.7,23962.1,23978.5,179335,NIFTY26JUNFUT
2026-05-26 14:30:00,23979.0,23988.0,23954.0,23968.0,211965,NIFTY26JUNFUT
2026-05-26 14:45:00,23968.0,23989.7,23950.0,23975.0,267345,NIFTY26JUNFUT
2026-05-26 15:00:00,23975.0,23985.0,23956.1,23970.1,396630,NIFTY26JUNFUT
2026-05-26 15:15:00,23970.1,23998.5,23970.0,23995.0,532415,NIFTY26JUNFUT
